<?xml version="1.0" encoding="UTF-8"?>
<!-- Generated by Fujitsu Interstage XWand B0209 -->
<?officialURI http://archprod.service.eogs.dk/taxonomy/20140701/fsa/501isn_def.xml?>

<?taxonomy-version 1.5.0?>

<link:linkbase xmlns:xsi="http://www.w3.org/2001/XMLSchema-instance" xsi:schemaLocation="http://www.xbrl.org/2003/linkbase http://www.xbrl.org/2003/xbrl-linkbase-2003-12-31.xsd" xmlns:link="http://www.xbrl.org/2003/linkbase" xmlns:tch="http://xbrl.dcca.dk/tch" xmlns:xlink="http://www.w3.org/1999/xlink" xmlns:xbrli="http://www.xbrl.org/2003/instance" xmlns:xbrldt="http://xbrl.org/2005/xbrldt">
  <link:roleRef roleURI="http://xbrl.dcca.dk/role/501.00/IncomeStatementByNature" xlink:type="simple" xlink:href="fsa.xsd#fsa_RoleIncomeStatementByNature"/>
  <link:roleRef roleURI="http://xbrl.dcca.dk/role/901.01/DimensionConsolidatedSolo" xlink:type="simple" xlink:href="../cmn.xsd#cmn_RoleDimensionConsolidatedSolo"/>
  <link:arcroleRef arcroleURI="http://xbrl.org/int/dim/arcrole/all" xlink:type="simple" xlink:href="http://www.xbrl.org/2005/xbrldt-2005.xsd#all"/>
  <link:arcroleRef arcroleURI="http://xbrl.org/int/dim/arcrole/domain-member" xlink:type="simple" xlink:href="http://www.xbrl.org/2005/xbrldt-2005.xsd#domain-member"/>
  <link:arcroleRef arcroleURI="http://xbrl.org/int/dim/arcrole/hypercube-dimension" xlink:type="simple" xlink:href="http://www.xbrl.org/2005/xbrldt-2005.xsd#hypercube-dimension"/>
  <link:definitionLink xlink:type="extended" xlink:role="http://xbrl.dcca.dk/role/501.00/IncomeStatementByNature">
    <link:loc xlink:type="locator" xlink:href="../cmn.xsd#cmn_CommonHypercube" xlink:label="CommonHypercube"/>
    <link:loc xlink:type="locator" xlink:href="../cmn.xsd#cmn_ConsolidatedSoloDimension" xlink:label="ConsolidatedSoloDimension"/>
    <link:definitionArc xlink:type="arc" xlink:arcrole="http://xbrl.org/int/dim/arcrole/hypercube-dimension" xlink:from="CommonHypercube" xlink:to="ConsolidatedSoloDimension" order="10.0" xbrldt:targetRole="http://xbrl.dcca.dk/role/901.01/DimensionConsolidatedSolo"/>
    <link:loc xlink:type="locator" xlink:href="fsa.xsd#fsa_GrossAbstract" xlink:label="GrossAbstract"/>
    <link:loc xlink:type="locator" xlink:href="fsa.xsd#fsa_Revenue" xlink:label="Revenue"/>
    <link:definitionArc xlink:type="arc" xlink:arcrole="http://xbrl.org/int/dim/arcrole/domain-member" xlink:from="GrossAbstract" xlink:to="Revenue" order="10.0"/>
    <link:loc xlink:type="locator" xlink:href="fsa.xsd#fsa_CostOfSales" xlink:label="CostOfSales"/>
    <link:definitionArc xlink:type="arc" xlink:arcrole="http://xbrl.org/int/dim/arcrole/domain-member" xlink:from="GrossAbstract" xlink:to="CostOfSales" order="20.0"/>
    <link:loc xlink:type="locator" xlink:href="fsa.xsd#fsa_OtherOperatingIncome" xlink:label="OtherOperatingIncome"/>
    <link:definitionArc xlink:type="arc" xlink:arcrole="http://xbrl.org/int/dim/arcrole/domain-member" xlink:from="GrossAbstract" xlink:to="OtherOperatingIncome" order="50.0"/>
    <link:loc xlink:type="locator" xlink:href="fsa.xsd#fsa_GrossResult" xlink:label="GrossResult"/>
    <link:definitionArc xlink:type="arc" xlink:arcrole="http://xbrl.org/int/dim/arcrole/domain-member" xlink:from="GrossAbstract" xlink:to="GrossResult" order="90.0"/>
    <link:loc xlink:type="locator" xlink:href="fsa.xsd#fsa_GrossProfitLoss" xlink:label="GrossProfitLoss"/>
    <link:definitionArc xlink:type="arc" xlink:arcrole="http://xbrl.org/int/dim/arcrole/domain-member" xlink:from="GrossAbstract" xlink:to="GrossProfitLoss" order="100.0"/>
    <link:loc xlink:type="locator" xlink:href="fsa.xsd#fsa_PropertyCost" xlink:label="PropertyCost"/>
    <link:definitionArc xlink:type="arc" xlink:arcrole="http://xbrl.org/int/dim/arcrole/domain-member" xlink:from="GrossAbstract" xlink:to="PropertyCost" order="60.0"/>
    <link:loc xlink:type="locator" xlink:href="fsa.xsd#fsa_ChangeInInventoriesOfFinishedGoodsWorkInProgressAndGoodsForResale" xlink:label="ChangeInInventoriesOfFinishedGoodsWorkInProgressAndGoodsForResale"/>
    <link:definitionArc xlink:type="arc" xlink:arcrole="http://xbrl.org/int/dim/arcrole/domain-member" xlink:from="GrossAbstract" xlink:to="ChangeInInventoriesOfFinishedGoodsWorkInProgressAndGoodsForResale" order="30.0"/>
    <link:loc xlink:type="locator" xlink:href="fsa.xsd#fsa_WorkPerformedByEntityAndCapitalised" xlink:label="WorkPerformedByEntityAndCapitalised"/>
    <link:definitionArc xlink:type="arc" xlink:arcrole="http://xbrl.org/int/dim/arcrole/domain-member" xlink:from="GrossAbstract" xlink:to="WorkPerformedByEntityAndCapitalised" order="40.0"/>
    <link:loc xlink:type="locator" xlink:href="fsa.xsd#fsa_ExternalExpenses" xlink:label="ExternalExpenses"/>
    <link:definitionArc xlink:type="arc" xlink:arcrole="http://xbrl.org/int/dim/arcrole/domain-member" xlink:from="GrossAbstract" xlink:to="ExternalExpenses" order="80.0"/>
    <link:loc xlink:type="locator" xlink:href="fsa.xsd#fsa_RawMaterialsAndConsumablesUsed" xlink:label="RawMaterialsAndConsumablesUsed"/>
    <link:definitionArc xlink:type="arc" xlink:arcrole="http://xbrl.org/int/dim/arcrole/domain-member" xlink:from="ExternalExpenses" xlink:to="RawMaterialsAndConsumablesUsed" order="10.0"/>
    <link:loc xlink:type="locator" xlink:href="fsa.xsd#fsa_OtherExternalExpenses" xlink:label="OtherExternalExpenses"/>
    <link:definitionArc xlink:type="arc" xlink:arcrole="http://xbrl.org/int/dim/arcrole/domain-member" xlink:from="ExternalExpenses" xlink:to="OtherExternalExpenses" order="20.0"/>
    <link:loc xlink:type="locator" xlink:href="fsa.xsd#fsa_AdministrativeExpenses" xlink:label="AdministrativeExpenses"/>
    <link:definitionArc xlink:type="arc" xlink:arcrole="http://xbrl.org/int/dim/arcrole/domain-member" xlink:from="GrossAbstract" xlink:to="AdministrativeExpenses" order="70.0"/>
    <link:loc xlink:type="locator" xlink:href="fsa.xsd#fsa_OperatingAbstract" xlink:label="OperatingAbstract"/>
    <link:loc xlink:type="locator" xlink:href="fsa.xsd#fsa_OtherOperatingExpenses" xlink:label="OtherOperatingExpenses"/>
    <link:definitionArc xlink:type="arc" xlink:arcrole="http://xbrl.org/int/dim/arcrole/domain-member" xlink:from="OperatingAbstract" xlink:to="OtherOperatingExpenses" order="40.0"/>
    <link:loc xlink:type="locator" xlink:href="fsa.xsd#fsa_ResearchAndDevelopmentExpenditure" xlink:label="ResearchAndDevelopmentExpenditure"/>
    <link:definitionArc xlink:type="arc" xlink:arcrole="http://xbrl.org/int/dim/arcrole/domain-member" xlink:from="OperatingAbstract" xlink:to="ResearchAndDevelopmentExpenditure" order="70.0"/>
    <link:loc xlink:type="locator" xlink:href="fsa.xsd#fsa_ResearchExpenditure" xlink:label="ResearchExpenditure"/>
    <link:definitionArc xlink:type="arc" xlink:arcrole="http://xbrl.org/int/dim/arcrole/domain-member" xlink:from="ResearchAndDevelopmentExpenditure" xlink:to="ResearchExpenditure" order="10.0"/>
    <link:loc xlink:type="locator" xlink:href="fsa.xsd#fsa_DevelopmentExpenditure" xlink:label="DevelopmentExpenditure"/>
    <link:definitionArc xlink:type="arc" xlink:arcrole="http://xbrl.org/int/dim/arcrole/domain-member" xlink:from="ResearchAndDevelopmentExpenditure" xlink:to="DevelopmentExpenditure" order="20.0"/>
    <link:loc xlink:type="locator" xlink:href="fsa.xsd#fsa_ProfitLossFromOrdinaryOperatingActivities" xlink:label="ProfitLossFromOrdinaryOperatingActivities"/>
    <link:definitionArc xlink:type="arc" xlink:arcrole="http://xbrl.org/int/dim/arcrole/domain-member" xlink:from="OperatingAbstract" xlink:to="ProfitLossFromOrdinaryOperatingActivities" order="80.0"/>
    <link:loc xlink:type="locator" xlink:href="fsa.xsd#fsa_GainsLossesFromCurrentValueAdjustmentsOfInvestmentAssets" xlink:label="GainsLossesFromCurrentValueAdjustmentsOfInvestmentAssets"/>
    <link:definitionArc xlink:type="arc" xlink:arcrole="http://xbrl.org/int/dim/arcrole/domain-member" xlink:from="OperatingAbstract" xlink:to="GainsLossesFromCurrentValueAdjustmentsOfInvestmentAssets" order="50.0"/>
    <link:loc xlink:type="locator" xlink:href="fsa.xsd#fsa_GainsLossesFromCurrentValueAdjustmentsOfInvestmentProperty" xlink:label="GainsLossesFromCurrentValueAdjustmentsOfInvestmentProperty"/>
    <link:definitionArc xlink:type="arc" xlink:arcrole="http://xbrl.org/int/dim/arcrole/domain-member" xlink:from="GainsLossesFromCurrentValueAdjustmentsOfInvestmentAssets" xlink:to="GainsLossesFromCurrentValueAdjustmentsOfInvestmentProperty" use="optional" order="10.0"/>
    <link:loc xlink:type="locator" xlink:href="fsa.xsd#fsa_GainsLossesFromCurrentValueAdjustmentsOfOtherInvestmentAssets" xlink:label="GainsLossesFromCurrentValueAdjustmentsOfOtherInvestmentAssets"/>
    <link:definitionArc xlink:type="arc" xlink:arcrole="http://xbrl.org/int/dim/arcrole/domain-member" xlink:from="GainsLossesFromCurrentValueAdjustmentsOfInvestmentAssets" xlink:to="GainsLossesFromCurrentValueAdjustmentsOfOtherInvestmentAssets" use="optional" order="20.0"/>
    <link:loc xlink:type="locator" xlink:href="fsa.xsd#fsa_GainsLossesFromCurrentValueAdjustmentsOfDebtLiabilities" xlink:label="GainsLossesFromCurrentValueAdjustmentsOfDebtLiabilities"/>
    <link:definitionArc xlink:type="arc" xlink:arcrole="http://xbrl.org/int/dim/arcrole/domain-member" xlink:from="OperatingAbstract" xlink:to="GainsLossesFromCurrentValueAdjustmentsOfDebtLiabilities" order="60.0"/>
    <link:loc xlink:type="locator" xlink:href="fsa.xsd#fsa_GainsLossesFromCurrentValueAdjustmentsOfDebtLiabilitiesConcerningInvestmentProperty" xlink:label="GainsLossesFromCurrentValueAdjustmentsOfDebtLiabilitiesConcerningInvestmentProperty"/>
    <link:definitionArc xlink:type="arc" xlink:arcrole="http://xbrl.org/int/dim/arcrole/domain-member" xlink:from="GainsLossesFromCurrentValueAdjustmentsOfDebtLiabilities" xlink:to="GainsLossesFromCurrentValueAdjustmentsOfDebtLiabilitiesConcerningInvestmentProperty" use="optional" order="10.0"/>
    <link:loc xlink:type="locator" xlink:href="fsa.xsd#fsa_GainsLossesFromCurrentValueAdjustmentsOfDebtLiabilitiesConcerningOtherInvestmentAssets" xlink:label="GainsLossesFromCurrentValueAdjustmentsOfDebtLiabilitiesConcerningOtherInvestmentAssets"/>
    <link:definitionArc xlink:type="arc" xlink:arcrole="http://xbrl.org/int/dim/arcrole/domain-member" xlink:from="GainsLossesFromCurrentValueAdjustmentsOfDebtLiabilities" xlink:to="GainsLossesFromCurrentValueAdjustmentsOfDebtLiabilitiesConcerningOtherInvestmentAssets" use="optional" order="20.0"/>
    <link:loc xlink:type="locator" xlink:href="fsa.xsd#fsa_GainsLossesFromCurrentValueAdjustmentsOfBiologicalAssets" xlink:label="GainsLossesFromCurrentValueAdjustmentsOfBiologicalAssets" xlink:title="GainsLossesFromCurrentValueAdjustmentsOfBiologicalAssets"/>
    <link:definitionArc xlink:type="arc" xlink:arcrole="http://xbrl.org/int/dim/arcrole/domain-member" xlink:from="OperatingAbstract" xlink:to="GainsLossesFromCurrentValueAdjustmentsOfBiologicalAssets" xlink:title="definition: OperatingAbstract to GainsLossesFromCurrentValueAdjustmentsOfBiologicalAssets" order="55.0"/>
    <link:loc xlink:type="locator" xlink:href="fsa.xsd#fsa_ProfitLossFromOrdinaryOperatingActivitiesBeforeGainsLossesFromFairValueAdjustments" xlink:label="ProfitLossFromOrdinaryOperatingActivitiesBeforeGainsLossesFromFairValueAdjustments" xlink:title="ProfitLossFromOrdinaryOperatingActivitiesBeforeGainsLossesFromFairValueAdjustments"/>
    <link:definitionArc xlink:type="arc" xlink:arcrole="http://xbrl.org/int/dim/arcrole/domain-member" xlink:from="OperatingAbstract" xlink:to="ProfitLossFromOrdinaryOperatingActivitiesBeforeGainsLossesFromFairValueAdjustments" xlink:title="definition: OperatingAbstract to ProfitLossFromOrdinaryOperatingActivitiesBeforeGainsLossesFromFairValueAdjustments" order="45.0"/>
    <link:loc xlink:type="locator" xlink:href="fsa.xsd#fsa_DepreciationAmortisationExpenseAndImpairmentLossesOfPropertyPlantAndEquipmentAndIntangibleAssetsRecognisedInProfitOrLoss" xlink:label="DepreciationAmortisationExpenseAndImpairmentLossesOfPropertyPlantAndEquipmentAndIntangibleAssetsRecognisedInProfitOrLoss"/>
    <link:definitionArc xlink:type="arc" xlink:arcrole="http://xbrl.org/int/dim/arcrole/domain-member" xlink:from="OperatingAbstract" xlink:to="DepreciationAmortisationExpenseAndImpairmentLossesOfPropertyPlantAndEquipmentAndIntangibleAssetsRecognisedInProfitOrLoss" order="20.0"/>
    <link:loc xlink:type="locator" xlink:href="fsa.xsd#fsa_WritedownsOfCurrentAssetsOtherThanCurrentFinancialAssets" xlink:label="WritedownsOfCurrentAssetsOtherThanCurrentFinancialAssets"/>
    <link:definitionArc xlink:type="arc" xlink:arcrole="http://xbrl.org/int/dim/arcrole/domain-member" xlink:from="OperatingAbstract" xlink:to="WritedownsOfCurrentAssetsOtherThanCurrentFinancialAssets" order="30.0"/>
    <link:loc xlink:type="locator" xlink:href="fsa.xsd#fsa_EmployeeBenefitsExpense" xlink:label="EmployeeBenefitsExpense"/>
    <link:definitionArc xlink:type="arc" xlink:arcrole="http://xbrl.org/int/dim/arcrole/domain-member" xlink:from="OperatingAbstract" xlink:to="EmployeeBenefitsExpense" order="10.0"/>
    <link:loc xlink:type="locator" xlink:href="fsa.xsd#fsa_WagesAndSalaries" xlink:label="WagesAndSalaries"/>
    <link:definitionArc xlink:type="arc" xlink:arcrole="http://xbrl.org/int/dim/arcrole/domain-member" xlink:from="EmployeeBenefitsExpense" xlink:to="WagesAndSalaries" order="10.0"/>
    <link:loc xlink:type="locator" xlink:href="fsa.xsd#fsa_PostemploymentBenefitExpense" xlink:label="PostemploymentBenefitExpense"/>
    <link:definitionArc xlink:type="arc" xlink:arcrole="http://xbrl.org/int/dim/arcrole/domain-member" xlink:from="EmployeeBenefitsExpense" xlink:to="PostemploymentBenefitExpense" order="20.0"/>
    <link:loc xlink:type="locator" xlink:href="fsa.xsd#fsa_SocialSecurityContributions" xlink:label="SocialSecurityContributions"/>
    <link:definitionArc xlink:type="arc" xlink:arcrole="http://xbrl.org/int/dim/arcrole/domain-member" xlink:from="EmployeeBenefitsExpense" xlink:to="SocialSecurityContributions" order="30.0"/>
    <link:loc xlink:type="locator" xlink:href="fsa.xsd#fsa_OtherEmployeeExpense" xlink:label="OtherEmployeeExpense"/>
    <link:definitionArc xlink:type="arc" xlink:arcrole="http://xbrl.org/int/dim/arcrole/domain-member" xlink:from="EmployeeBenefitsExpense" xlink:to="OtherEmployeeExpense" order="50.0"/>
    <link:loc xlink:type="locator" xlink:href="fsa.xsd#fsa_EmployeeExpensesTransferredToAssets" xlink:label="EmployeeExpensesTransferredToAssets"/>
    <link:definitionArc xlink:type="arc" xlink:arcrole="http://xbrl.org/int/dim/arcrole/domain-member" xlink:from="EmployeeBenefitsExpense" xlink:to="EmployeeExpensesTransferredToAssets" order="40.0"/>
    <link:loc xlink:type="locator" xlink:href="fsa.xsd#fsa_OrdinaryAbstract" xlink:label="OrdinaryAbstract"/>
    <link:loc xlink:type="locator" xlink:href="fsa.xsd#fsa_IncomeFromOtherLongtermInvestmentsAndReceivables" xlink:label="IncomeFromOtherLongtermInvestmentsAndReceivables"/>
    <link:definitionArc xlink:type="arc" xlink:arcrole="http://xbrl.org/int/dim/arcrole/domain-member" xlink:from="OrdinaryAbstract" xlink:to="IncomeFromOtherLongtermInvestmentsAndReceivables" order="10.0"/>
    <link:loc xlink:type="locator" xlink:href="fsa.xsd#fsa_OtherFinanceIncomeFromGroupEnterprises" xlink:label="OtherFinanceIncomeFromGroupEnterprises"/>
    <link:definitionArc xlink:type="arc" xlink:arcrole="http://xbrl.org/int/dim/arcrole/domain-member" xlink:from="OrdinaryAbstract" xlink:to="OtherFinanceIncomeFromGroupEnterprises" order="20.0"/>
    <link:loc xlink:type="locator" xlink:href="fsa.xsd#fsa_OtherFinanceIncome" xlink:label="OtherFinanceIncome"/>
    <link:definitionArc xlink:type="arc" xlink:arcrole="http://xbrl.org/int/dim/arcrole/domain-member" xlink:from="OrdinaryAbstract" xlink:to="OtherFinanceIncome" order="30.0"/>
    <link:loc xlink:type="locator" xlink:href="fsa.xsd#fsa_ImpairmentOfFinancialAssets" xlink:label="ImpairmentOfFinancialAssets"/>
    <link:definitionArc xlink:type="arc" xlink:arcrole="http://xbrl.org/int/dim/arcrole/domain-member" xlink:from="OrdinaryAbstract" xlink:to="ImpairmentOfFinancialAssets" order="40.0"/>
    <link:loc xlink:type="locator" xlink:href="fsa.xsd#fsa_OtherFinanceExpenses" xlink:label="OtherFinanceExpenses"/>
    <link:definitionArc xlink:type="arc" xlink:arcrole="http://xbrl.org/int/dim/arcrole/domain-member" xlink:from="OrdinaryAbstract" xlink:to="OtherFinanceExpenses" order="50.0"/>
    <link:loc xlink:type="locator" xlink:href="fsa.xsd#fsa_FinanceExpensesArisingFromGroupEnterprises" xlink:label="FinanceExpensesArisingFromGroupEnterprises"/>
    <link:definitionArc xlink:type="arc" xlink:arcrole="http://xbrl.org/int/dim/arcrole/domain-member" xlink:from="OtherFinanceExpenses" xlink:to="FinanceExpensesArisingFromGroupEnterprises" order="10.0"/>
    <link:loc xlink:type="locator" xlink:href="fsa.xsd#fsa_RestOfOtherFinanceExpenses" xlink:label="RestOfOtherFinanceExpenses"/>
    <link:definitionArc xlink:type="arc" xlink:arcrole="http://xbrl.org/int/dim/arcrole/domain-member" xlink:from="OtherFinanceExpenses" xlink:to="RestOfOtherFinanceExpenses" order="20.0"/>
    <link:loc xlink:type="locator" xlink:href="fsa.xsd#fsa_IncomeFromInvestmentsInGroupEnterprisesAndAssociates" xlink:label="IncomeFromInvestmentsInGroupEnterprisesAndAssociates"/>
    <link:definitionArc xlink:type="arc" xlink:arcrole="http://xbrl.org/int/dim/arcrole/domain-member" xlink:from="OrdinaryAbstract" xlink:to="IncomeFromInvestmentsInGroupEnterprisesAndAssociates" order="5.0"/>
    <link:loc xlink:type="locator" xlink:href="fsa.xsd#fsa_IncomeFromInvestmentsInGroupEnterprises" xlink:label="IncomeFromInvestmentsInGroupEnterprises"/>
    <link:definitionArc xlink:type="arc" xlink:arcrole="http://xbrl.org/int/dim/arcrole/domain-member" xlink:from="IncomeFromInvestmentsInGroupEnterprisesAndAssociates" xlink:to="IncomeFromInvestmentsInGroupEnterprises" order="10.0"/>
    <link:loc xlink:type="locator" xlink:href="fsa.xsd#fsa_IncomeFromInvestmentsInAssociates" xlink:label="IncomeFromInvestmentsInAssociates"/>
    <link:definitionArc xlink:type="arc" xlink:arcrole="http://xbrl.org/int/dim/arcrole/domain-member" xlink:from="IncomeFromInvestmentsInGroupEnterprisesAndAssociates" xlink:to="IncomeFromInvestmentsInAssociates" order="20.0"/>
    <link:loc xlink:type="locator" xlink:href="fsa.xsd#fsa_ProfitLossFromOrdinaryActivitiesBeforeTax" xlink:label="ProfitLossFromOrdinaryActivitiesBeforeTax"/>
    <link:definitionArc xlink:type="arc" xlink:arcrole="http://xbrl.org/int/dim/arcrole/domain-member" xlink:from="OrdinaryAbstract" xlink:to="ProfitLossFromOrdinaryActivitiesBeforeTax" order="70.0"/>
    <link:loc xlink:type="locator" xlink:href="fsa.xsd#fsa_TaxExpenseOnOrdinaryActivities" xlink:label="TaxExpenseOnOrdinaryActivities"/>
    <link:definitionArc xlink:type="arc" xlink:arcrole="http://xbrl.org/int/dim/arcrole/domain-member" xlink:from="OrdinaryAbstract" xlink:to="TaxExpenseOnOrdinaryActivities" order="80.0"/>
    <link:loc xlink:type="locator" xlink:href="fsa.xsd#fsa_ProfitLossFromOrdinaryActivitiesAfterTax" xlink:label="ProfitLossFromOrdinaryActivitiesAfterTax"/>
    <link:definitionArc xlink:type="arc" xlink:arcrole="http://xbrl.org/int/dim/arcrole/domain-member" xlink:from="OrdinaryAbstract" xlink:to="ProfitLossFromOrdinaryActivitiesAfterTax" order="90.0"/>
    <link:loc xlink:type="locator" xlink:href="fsa.xsd#fsa_IncomeFromInvestmentsInJointVentures" xlink:label="IncomeFromInvestmentsInJointVentures" xlink:title="IncomeFromInvestmentsInJointVentures"/>
    <link:definitionArc xlink:type="arc" xlink:arcrole="http://xbrl.org/int/dim/arcrole/domain-member" xlink:from="OrdinaryAbstract" xlink:to="IncomeFromInvestmentsInJointVentures" xlink:title="definition: OrdinaryAbstract to IncomeFromInvestmentsInJointVentures" order="7.0"/>
    <link:loc xlink:type="locator" xlink:href="fsa.xsd#fsa_ExtraordinaryAbstract" xlink:label="ExtraordinaryAbstract"/>
    <link:loc xlink:type="locator" xlink:href="fsa.xsd#fsa_ExtraordinaryIncome" xlink:label="ExtraordinaryIncome"/>
    <link:definitionArc xlink:type="arc" xlink:arcrole="http://xbrl.org/int/dim/arcrole/domain-member" xlink:from="ExtraordinaryAbstract" xlink:to="ExtraordinaryIncome" order="10.0"/>
    <link:loc xlink:type="locator" xlink:href="fsa.xsd#fsa_ExtraordinaryExpenses" xlink:label="ExtraordinaryExpenses"/>
    <link:definitionArc xlink:type="arc" xlink:arcrole="http://xbrl.org/int/dim/arcrole/domain-member" xlink:from="ExtraordinaryAbstract" xlink:to="ExtraordinaryExpenses" order="20.0"/>
    <link:loc xlink:type="locator" xlink:href="fsa.xsd#fsa_ExtraordinaryProfitLossBeforeTax" xlink:label="ExtraordinaryProfitLossBeforeTax"/>
    <link:definitionArc xlink:type="arc" xlink:arcrole="http://xbrl.org/int/dim/arcrole/domain-member" xlink:from="ExtraordinaryAbstract" xlink:to="ExtraordinaryProfitLossBeforeTax" order="30.0"/>
    <link:loc xlink:type="locator" xlink:href="fsa.xsd#fsa_TaxExpenseOnExtraordinaryEvents" xlink:label="TaxExpenseOnExtraordinaryEvents"/>
    <link:definitionArc xlink:type="arc" xlink:arcrole="http://xbrl.org/int/dim/arcrole/domain-member" xlink:from="ExtraordinaryAbstract" xlink:to="TaxExpenseOnExtraordinaryEvents" order="40.0"/>
    <link:loc xlink:type="locator" xlink:href="fsa.xsd#fsa_ExtraordinaryProfitLossAfterTax" xlink:label="ExtraordinaryProfitLossAfterTax"/>
    <link:definitionArc xlink:type="arc" xlink:arcrole="http://xbrl.org/int/dim/arcrole/domain-member" xlink:from="ExtraordinaryAbstract" xlink:to="ExtraordinaryProfitLossAfterTax" order="50.0"/>
    <link:loc xlink:type="locator" xlink:href="fsa.xsd#fsa_TaxExpense" xlink:label="TaxExpense"/>
    <link:definitionArc xlink:type="arc" xlink:arcrole="http://xbrl.org/int/dim/arcrole/domain-member" xlink:from="TaxExpense" xlink:to="TaxExpenseOnOrdinaryActivities" order="10.0"/>
    <link:definitionArc xlink:type="arc" xlink:arcrole="http://xbrl.org/int/dim/arcrole/domain-member" xlink:from="TaxExpense" xlink:to="TaxExpenseOnExtraordinaryEvents" order="20.0"/>
    <link:loc xlink:type="locator" xlink:href="fsa.xsd#fsa_IncomeStatementByNatureAbstract" xlink:label="IncomeStatementByNatureAbstract"/>
    <link:definitionArc xlink:type="arc" xlink:arcrole="http://xbrl.org/int/dim/arcrole/domain-member" xlink:from="IncomeStatementByNatureAbstract" xlink:to="GrossAbstract" order="10.0"/>
    <link:definitionArc xlink:type="arc" xlink:arcrole="http://xbrl.org/int/dim/arcrole/domain-member" xlink:from="IncomeStatementByNatureAbstract" xlink:to="OperatingAbstract" order="20.0"/>
    <link:definitionArc xlink:type="arc" xlink:arcrole="http://xbrl.org/int/dim/arcrole/domain-member" xlink:from="IncomeStatementByNatureAbstract" xlink:to="OrdinaryAbstract" order="30.0"/>
    <link:definitionArc xlink:type="arc" xlink:arcrole="http://xbrl.org/int/dim/arcrole/domain-member" xlink:from="IncomeStatementByNatureAbstract" xlink:to="ExtraordinaryAbstract" order="40.0"/>
    <link:loc xlink:type="locator" xlink:href="fsa.xsd#fsa_OtherTaxExpenses" xlink:label="OtherTaxExpenses"/>
    <link:definitionArc xlink:type="arc" xlink:arcrole="http://xbrl.org/int/dim/arcrole/domain-member" xlink:from="IncomeStatementByNatureAbstract" xlink:to="OtherTaxExpenses" order="60.0"/>
    <link:loc xlink:type="locator" xlink:href="fsa.xsd#fsa_ProfitLoss" xlink:label="ProfitLoss"/>
    <link:definitionArc xlink:type="arc" xlink:arcrole="http://xbrl.org/int/dim/arcrole/domain-member" xlink:from="IncomeStatementByNatureAbstract" xlink:to="ProfitLoss" order="70.0"/>
    <link:loc xlink:type="locator" xlink:href="fsa.xsd#fsa_ProfitLossAttributableToMinorityInterest" xlink:label="ProfitLossAttributableToMinorityInterest"/>
    <link:definitionArc xlink:type="arc" xlink:arcrole="http://xbrl.org/int/dim/arcrole/domain-member" xlink:from="IncomeStatementByNatureAbstract" xlink:to="ProfitLossAttributableToMinorityInterest" order="80.0"/>
    <link:definitionArc xlink:type="arc" xlink:arcrole="http://xbrl.org/int/dim/arcrole/all" xlink:from="IncomeStatementByNatureAbstract" xlink:to="CommonHypercube" order="100.0" xbrldt:contextElement="scenario" xbrldt:closed="true"/>
    <link:definitionArc xlink:type="arc" xlink:arcrole="http://xbrl.org/int/dim/arcrole/domain-member" xlink:from="IncomeStatementByNatureAbstract" xlink:to="TaxExpense" order="50.0"/>
    <link:loc xlink:type="locator" xlink:href="fsa.xsd#fsa_ProfitLossAfterAttributableToMinorityInterest" xlink:label="ProfitLossAfterAttributableToMinorityInterest"/>
    <link:definitionArc xlink:type="arc" xlink:arcrole="http://xbrl.org/int/dim/arcrole/domain-member" xlink:from="IncomeStatementByNatureAbstract" xlink:to="ProfitLossAfterAttributableToMinorityInterest" order="90.0"/>
  </link:definitionLink>
</link:linkbase>
