<?xml version="1.0" encoding="UTF-8"?>
<!-- Generated by Fujitsu Interstage XWand B0209 -->
<?officialURI http://archprod.service.eogs.dk/taxonomy/20140701/fsa/502pdr_def.xml?>

<?taxonomy-version 1.5.0?>

<link:linkbase xmlns:xsi="http://www.w3.org/2001/XMLSchema-instance" xsi:schemaLocation="http://www.xbrl.org/2003/linkbase http://www.xbrl.org/2003/xbrl-linkbase-2003-12-31.xsd" xmlns:link="http://www.xbrl.org/2003/linkbase" xmlns:tch="http://xbrl.dcca.dk/tch" xmlns:xlink="http://www.w3.org/1999/xlink" xmlns:xbrli="http://www.xbrl.org/2003/instance" xmlns:xbrldt="http://xbrl.org/2005/xbrldt">
  <link:roleRef roleURI="http://xbrl.dcca.dk/role/502.00/ProposedDistributionOfResults" xlink:type="simple" xlink:href="fsa.xsd#fsa_RoleProposedDistributionOfResults"/>
  <link:roleRef roleURI="http://xbrl.dcca.dk/role/502.01/Hypercube/ProposedDistributionOfResults/DetailsOnResultDistribution" xlink:type="simple" xlink:href="fsa.xsd#fsa_RoleHypercubeProposedDistributionOfResultsDetailsOnResultDistribution"/>
  <link:roleRef roleURI="http://xbrl.dcca.dk/role/901.01/DimensionConsolidatedSolo" xlink:type="simple" xlink:href="../cmn.xsd#cmn_RoleDimensionConsolidatedSolo"/>
  <link:roleRef roleURI="http://xbrl.dcca.dk/role/912.01/DimensionResultDistribution" xlink:type="simple" xlink:href="fsa.xsd#fsa_RoleDimensionResultDistribution"/>
  <link:roleRef roleURI="http://xbrl.dcca.dk/role/502.00/ProposedDistributionOfResults/Details" xlink:type="simple" xlink:href="fsa.xsd#fsa_RoleProposedDistributionOfResultsDetails"/>
  <link:arcroleRef arcroleURI="http://xbrl.org/int/dim/arcrole/all" xlink:type="simple" xlink:href="http://www.xbrl.org/2005/xbrldt-2005.xsd#all"/>
  <link:arcroleRef arcroleURI="http://xbrl.org/int/dim/arcrole/domain-member" xlink:type="simple" xlink:href="http://www.xbrl.org/2005/xbrldt-2005.xsd#domain-member"/>
  <link:arcroleRef arcroleURI="http://xbrl.org/int/dim/arcrole/hypercube-dimension" xlink:type="simple" xlink:href="http://www.xbrl.org/2005/xbrldt-2005.xsd#hypercube-dimension"/>
  <link:definitionLink xlink:type="extended" xlink:role="http://xbrl.dcca.dk/role/502.00/ProposedDistributionOfResults">
    <link:loc xlink:type="locator" xlink:href="../cmn.xsd#cmn_CommonHypercube" xlink:label="CommonHypercube"/>
    <link:loc xlink:type="locator" xlink:href="../cmn.xsd#cmn_ConsolidatedSoloDimension" xlink:label="ConsolidatedSoloDimension"/>
    <link:definitionArc xlink:type="arc" xlink:arcrole="http://xbrl.org/int/dim/arcrole/hypercube-dimension" xlink:from="CommonHypercube" xlink:to="ConsolidatedSoloDimension" order="10.0" xbrldt:targetRole="http://xbrl.dcca.dk/role/901.01/DimensionConsolidatedSolo"/>
    <link:loc xlink:type="locator" xlink:href="fsa.xsd#fsa_ProposedDistributionOfResultsAbstract" xlink:label="ProposedDistributionOfResultsAbstract"/>
    <link:loc xlink:type="locator" xlink:href="fsa.xsd#fsa_DetailsOnResultDistributionAbstract" xlink:label="DetailsOnResultDistributionAbstract"/>
    <link:definitionArc xlink:type="arc" xlink:arcrole="http://xbrl.org/int/dim/arcrole/domain-member" xlink:from="ProposedDistributionOfResultsAbstract" xlink:to="DetailsOnResultDistributionAbstract" order="10.0" xbrldt:targetRole="http://xbrl.dcca.dk/role/502.00/ProposedDistributionOfResults/Details"/>
    <link:definitionArc xlink:type="arc" xlink:arcrole="http://xbrl.org/int/dim/arcrole/all" xlink:from="ProposedDistributionOfResultsAbstract" xlink:to="CommonHypercube" order="20.0" xbrldt:contextElement="scenario" xbrldt:closed="true"/>
  </link:definitionLink>
  <link:definitionLink xlink:type="extended" xlink:role="http://xbrl.dcca.dk/role/502.00/ProposedDistributionOfResults/Details">
    <link:loc xlink:type="locator" xlink:href="fsa.xsd#fsa_DetailsOnResultDistributionAbstract" xlink:label="DetailsOnResultDistributionAbstract"/>
    <link:loc xlink:type="locator" xlink:href="fsa.xsd#fsa_DetailsOnResultDistributionHypercube" xlink:label="DetailsOnResultDistributionHypercube"/>
    <link:definitionArc xlink:type="arc" xlink:arcrole="http://xbrl.org/int/dim/arcrole/all" xlink:from="DetailsOnResultDistributionAbstract" xlink:to="DetailsOnResultDistributionHypercube" order="10.0" xbrldt:contextElement="scenario" xbrldt:closed="true" xbrldt:targetRole="http://xbrl.dcca.dk/role/502.01/Hypercube/ProposedDistributionOfResults/DetailsOnResultDistribution"/>
    <link:loc xlink:type="locator" xlink:href="fsa.xsd#fsa_ProfitLoss" xlink:label="ProfitLoss"/>
    <link:definitionArc xlink:type="arc" xlink:arcrole="http://xbrl.org/int/dim/arcrole/domain-member" xlink:from="DetailsOnResultDistributionAbstract" xlink:to="ProfitLoss" order="20.0"/>
    <link:loc xlink:type="locator" xlink:href="fsa.xsd#fsa_ProfitLossAfterAttributableToMinorityInterest" xlink:label="ProfitLossAfterAttributableToMinorityInterest" xlink:title="ProfitLossAfterAttributableToMinorityInterest"/>
    <link:definitionArc xlink:type="arc" xlink:arcrole="http://xbrl.org/int/dim/arcrole/domain-member" xlink:from="DetailsOnResultDistributionAbstract" xlink:to="ProfitLossAfterAttributableToMinorityInterest" xlink:title="definition: DetailsOnResultDistributionAbstract to ProfitLossAfterAttributableToMinorityInterest" order="21.0"/>
  </link:definitionLink>
  <link:definitionLink xlink:type="extended" xlink:role="http://xbrl.dcca.dk/role/502.01/Hypercube/ProposedDistributionOfResults/DetailsOnResultDistribution">
    <link:loc xlink:type="locator" xlink:href="fsa.xsd#fsa_DetailsOnResultDistributionHypercube" xlink:label="DetailsOnResultDistributionHypercube"/>
    <link:loc xlink:type="locator" xlink:href="fsa.xsd#fsa_ResultDistributionDimension" xlink:label="ResultDistributionDimension"/>
    <link:definitionArc xlink:type="arc" xlink:arcrole="http://xbrl.org/int/dim/arcrole/hypercube-dimension" xlink:from="DetailsOnResultDistributionHypercube" xlink:to="ResultDistributionDimension" order="10.0" xbrldt:targetRole="http://xbrl.dcca.dk/role/912.01/DimensionResultDistribution"/>
    <link:loc xlink:type="locator" xlink:href="../cmn.xsd#cmn_ConsolidatedSoloDimension" xlink:label="ConsolidatedSoloDimension"/>
    <link:definitionArc xlink:type="arc" xlink:arcrole="http://xbrl.org/int/dim/arcrole/hypercube-dimension" xlink:from="DetailsOnResultDistributionHypercube" xlink:to="ConsolidatedSoloDimension" order="20.0" xbrldt:targetRole="http://xbrl.dcca.dk/role/901.01/DimensionConsolidatedSolo"/>
  </link:definitionLink>
</link:linkbase>
