<?xml version="1.0" encoding="UTF-8"?>
<!-- Generated by Fujitsu Interstage XWand B0166 -->
<link:linkbase xmlns:xsi="http://www.w3.org/2001/XMLSchema-instance" xsi:schemaLocation="http://www.xbrl.org/2003/linkbase http://www.xbrl.org/2003/xbrl-linkbase-2003-12-31.xsd" xmlns:link="http://www.xbrl.org/2003/linkbase" xmlns:xbrli="http://www.xbrl.org/2003/instance" xmlns:xlink="http://www.w3.org/1999/xlink">
  <link:labelLink xlink:type="extended" xlink:role="http://www.xbrl.org/2003/role/link">
    <link:loc xlink:type="locator" xlink:href="gsd.xsd#gsd_DetailsOnSecondaryNameOfReportingEntityHypercube" xlink:label="copyOfDetailsOnLiquidatorHypercube" xlink:title="copyOfDetailsOnLiquidatorHypercube"/>
    <link:label xlink:type="resource" xlink:label="label_copyOfDetailsOnLiquidatorHypercube" xlink:role="http://www.xbrl.org/2003/role/label" xlink:title="label_copyOfDetailsOnLiquidatorHypercube" xml:lang="da" id="label_copyOfDetailsOnLiquidatorHypercube">Information om regnskabsaflæggende virksomheds binavn</link:label>
    <link:labelArc xlink:type="arc" xlink:arcrole="http://www.xbrl.org/2003/arcrole/concept-label" xlink:from="copyOfDetailsOnLiquidatorHypercube" xlink:to="label_copyOfDetailsOnLiquidatorHypercube" xlink:title="label: copyOfDetailsOnLiquidatorHypercube to label_copyOfDetailsOnLiquidatorHypercube"/>
    <link:label xlink:type="resource" xlink:label="label_copyOfDetailsOnLiquidatorHypercube_2" xlink:role="http://www.xbrl.org/2003/role/label" xlink:title="label_copyOfDetailsOnLiquidatorHypercube" xml:lang="en" id="label_copyOfDetailsOnLiquidatorHypercube_2">Information on secondary name of reporting entity</link:label>
    <link:labelArc xlink:type="arc" xlink:arcrole="http://www.xbrl.org/2003/arcrole/concept-label" xlink:from="copyOfDetailsOnLiquidatorHypercube" xlink:to="label_copyOfDetailsOnLiquidatorHypercube_2" xlink:title="label: copyOfDetailsOnLiquidatorHypercube to label_copyOfDetailsOnLiquidatorHypercube"/>
    <link:loc xlink:type="locator" xlink:href="gsd.xsd#gsd_DetailsOnSecondaryNameOfReportingEntityAbstract" xlink:label="copyOfDetailsOnLiquidatorAbstract" xlink:title="copyOfDetailsOnLiquidatorAbstract"/>
    <link:label xlink:type="resource" xlink:label="label_copyOfDetailsOnLiquidatorAbstract" xlink:role="http://www.xbrl.org/2003/role/label" xlink:title="label_copyOfDetailsOnLiquidatorAbstract" xml:lang="en" id="label_copyOfDetailsOnLiquidatorAbstract">Details on secondary name of reporting entity</link:label>
    <link:labelArc xlink:type="arc" xlink:arcrole="http://www.xbrl.org/2003/arcrole/concept-label" xlink:from="copyOfDetailsOnLiquidatorAbstract" xlink:to="label_copyOfDetailsOnLiquidatorAbstract" xlink:title="label: copyOfDetailsOnLiquidatorAbstract to label_copyOfDetailsOnLiquidatorAbstract"/>
    <link:label xlink:type="resource" xlink:label="label_copyOfDetailsOnLiquidatorAbstract_2" xlink:role="http://www.xbrl.org/2003/role/label" xlink:title="label_copyOfDetailsOnLiquidatorAbstract" xml:lang="da" id="label_copyOfDetailsOnLiquidatorAbstract_2">Detaljer om regnskabsaflæggende virksomheds binavn</link:label>
    <link:labelArc xlink:type="arc" xlink:arcrole="http://www.xbrl.org/2003/arcrole/concept-label" xlink:from="copyOfDetailsOnLiquidatorAbstract" xlink:to="label_copyOfDetailsOnLiquidatorAbstract_2" xlink:title="label: copyOfDetailsOnLiquidatorAbstract to label_copyOfDetailsOnLiquidatorAbstract"/>
    <link:loc xlink:type="locator" xlink:href="gsd.xsd#gsd_SecondaryNameOfReportingEntity" xlink:label="copyOfNameOfReportingEntity" xlink:title="copyOfNameOfReportingEntity"/>
    <link:label xlink:type="resource" xlink:label="label_copyOfNameOfReportingEntity" xlink:role="http://www.xbrl.org/2003/role/label" xlink:title="label_copyOfNameOfReportingEntity" xml:lang="da" id="label_copyOfNameOfReportingEntity">Regnskabsaflæggende virksomheds binavn</link:label>
    <link:labelArc xlink:type="arc" xlink:arcrole="http://www.xbrl.org/2003/arcrole/concept-label" xlink:from="copyOfNameOfReportingEntity" xlink:to="label_copyOfNameOfReportingEntity" xlink:title="label: copyOfNameOfReportingEntity to label_copyOfNameOfReportingEntity"/>
    <link:label xlink:type="resource" xlink:label="label_copyOfNameOfReportingEntity_2" xlink:role="http://www.xbrl.org/2003/role/label" xlink:title="label_copyOfNameOfReportingEntity" xml:lang="en" id="label_copyOfNameOfReportingEntity_2">Secondary name of reporting entity</link:label>
    <link:labelArc xlink:type="arc" xlink:arcrole="http://www.xbrl.org/2003/arcrole/concept-label" xlink:from="copyOfNameOfReportingEntity" xlink:to="label_copyOfNameOfReportingEntity_2" xlink:title="label: copyOfNameOfReportingEntity to label_copyOfNameOfReportingEntity"/>
    <link:loc xlink:type="locator" xlink:href="gsd.xsd#gsd_ReportingPeriodNumber" xlink:label="copyOfReportingPeriodStartDate" xlink:title="copyOfReportingPeriodStartDate"/>
    <link:label xlink:type="resource" xlink:label="label_copyOfReportingPeriodStartDate" xlink:role="http://www.xbrl.org/2003/role/label" xlink:title="label_copyOfReportingPeriodStartDate" xml:lang="da" id="label_copyOfReportingPeriodStartDate">Årsregnskabets nummer</link:label>
    <link:labelArc xlink:type="arc" xlink:arcrole="http://www.xbrl.org/2003/arcrole/concept-label" xlink:from="copyOfReportingPeriodStartDate" xlink:to="label_copyOfReportingPeriodStartDate" xlink:title="label: copyOfReportingPeriodStartDate to label_copyOfReportingPeriodStartDate"/>
    <link:label xlink:type="resource" xlink:label="label_copyOfReportingPeriodStartDate_2" xlink:role="http://www.xbrl.org/2003/role/label" xlink:title="label_copyOfReportingPeriodStartDate" xml:lang="en" id="label_copyOfReportingPeriodStartDate_2">Reporting period, number</link:label>
    <link:labelArc xlink:type="arc" xlink:arcrole="http://www.xbrl.org/2003/arcrole/concept-label" xlink:from="copyOfReportingPeriodStartDate" xlink:to="label_copyOfReportingPeriodStartDate_2" xlink:title="label: copyOfReportingPeriodStartDate to label_copyOfReportingPeriodStartDate"/>
    <link:loc xlink:type="locator" xlink:href="gsd.xsd#gsd_PrecedingReportingPeriodStartDate" xlink:label="PrecedingReportingPeriodStartDate" xlink:title="PrecedingReportingPeriodStartDate"/>
    <link:label xlink:type="resource" xlink:label="label_PrecedingReportingPeriodStartDate" xlink:role="http://www.xbrl.org/2003/role/label" xlink:title="label_PrecedingReportingPeriodStartDate" xml:lang="da" id="label_PrecedingReportingPeriodStartDate">Foregående regnskabsperiodes startdato</link:label>
    <link:labelArc xlink:type="arc" xlink:arcrole="http://www.xbrl.org/2003/arcrole/concept-label" xlink:from="PrecedingReportingPeriodStartDate" xlink:to="label_PrecedingReportingPeriodStartDate" xlink:title="label: PrecedingReportingPeriodStartDate to label_PrecedingReportingPeriodStartDate"/>
    <link:label xlink:type="resource" xlink:label="label_PrecedingReportingPeriodStartDate_2" xlink:role="http://www.xbrl.org/2003/role/label" xlink:title="label_PrecedingReportingPeriodStartDate" xml:lang="en" id="label_PrecedingReportingPeriodStartDate_2">Preceding reporting period start date</link:label>
    <link:labelArc xlink:type="arc" xlink:arcrole="http://www.xbrl.org/2003/arcrole/concept-label" xlink:from="PrecedingReportingPeriodStartDate" xlink:to="label_PrecedingReportingPeriodStartDate_2" xlink:title="label: PrecedingReportingPeriodStartDate to label_PrecedingReportingPeriodStartDate"/>
    <link:loc xlink:type="locator" xlink:href="gsd.xsd#gsd_PredingReportingPeriodEndDate" xlink:label="PredingReportingPeriodEndDate" xlink:title="PredingReportingPeriodEndDate"/>
    <link:label xlink:type="resource" xlink:label="label_PredingReportingPeriodEndDate" xlink:role="http://www.xbrl.org/2003/role/label" xlink:title="label_PredingReportingPeriodEndDate" xml:lang="da" id="label_PredingReportingPeriodEndDate">Foregående regnskabsperiodes slutdato</link:label>
    <link:labelArc xlink:type="arc" xlink:arcrole="http://www.xbrl.org/2003/arcrole/concept-label" xlink:from="PredingReportingPeriodEndDate" xlink:to="label_PredingReportingPeriodEndDate" xlink:title="label: PredingReportingPeriodEndDate to label_PredingReportingPeriodEndDate"/>
    <link:label xlink:type="resource" xlink:label="label_PredingReportingPeriodEndDate_2" xlink:role="http://www.xbrl.org/2003/role/label" xlink:title="label_PredingReportingPeriodEndDate" xml:lang="en" id="label_PredingReportingPeriodEndDate_2">Preceding reporting period end date</link:label>
    <link:labelArc xlink:type="arc" xlink:arcrole="http://www.xbrl.org/2003/arcrole/concept-label" xlink:from="PredingReportingPeriodEndDate" xlink:to="label_PredingReportingPeriodEndDate_2" xlink:title="label: PredingReportingPeriodEndDate to label_PredingReportingPeriodEndDate"/>
    <link:loc xlink:type="locator" xlink:href="gsd.xsd#gsd_TypeOfReportingPeriodDimension" xlink:label="TypeOfReportingPeriodDimension" xlink:title="TypeOfReportingPeriodDimension"/>
    <link:label xlink:type="resource" xlink:label="label_TypeOfReportingPeriodDimension" xlink:role="http://www.xbrl.org/2003/role/label" xlink:title="label_TypeOfReportingPeriodDimension" xml:lang="da" id="label_TypeOfReportingPeriodDimension">Type af regnskabsperiode</link:label>
    <link:labelArc xlink:type="arc" xlink:arcrole="http://www.xbrl.org/2003/arcrole/concept-label" xlink:from="TypeOfReportingPeriodDimension" xlink:to="label_TypeOfReportingPeriodDimension" xlink:title="label: TypeOfReportingPeriodDimension to label_TypeOfReportingPeriodDimension"/>
    <link:label xlink:type="resource" xlink:label="label_TypeOfReportingPeriodDimension_2" xlink:role="http://www.xbrl.org/2003/role/label" xlink:title="label_TypeOfReportingPeriodDimension" xml:lang="en" id="label_TypeOfReportingPeriodDimension_2">Type of Reporting period</link:label>
    <link:labelArc xlink:type="arc" xlink:arcrole="http://www.xbrl.org/2003/arcrole/concept-label" xlink:from="TypeOfReportingPeriodDimension" xlink:to="label_TypeOfReportingPeriodDimension_2" xlink:title="label: TypeOfReportingPeriodDimension to label_TypeOfReportingPeriodDimension"/>
    <link:loc xlink:type="locator" xlink:href="gsd.xsd#gsd_AllReportingPeriodsMember" xlink:label="AllReportingPeriodsMember" xlink:title="AllReportingPeriodsMember"/>
    <link:label xlink:type="resource" xlink:label="label_AllReportingPeriodsMember" xlink:role="http://www.xbrl.org/2003/role/label" xlink:title="label_AllReportingPeriodsMember" xml:lang="da" id="label_AllReportingPeriodsMember">Alle regnskabsperioder</link:label>
    <link:labelArc xlink:type="arc" xlink:arcrole="http://www.xbrl.org/2003/arcrole/concept-label" xlink:from="AllReportingPeriodsMember" xlink:to="label_AllReportingPeriodsMember" xlink:title="label: AllReportingPeriodsMember to label_AllReportingPeriodsMember"/>
    <link:label xlink:type="resource" xlink:label="label_AllReportingPeriodsMember_2" xlink:role="http://www.xbrl.org/2003/role/label" xlink:title="label_AllReportingPeriodsMember" xml:lang="en" id="label_AllReportingPeriodsMember_2">All Reporting periods</link:label>
    <link:labelArc xlink:type="arc" xlink:arcrole="http://www.xbrl.org/2003/arcrole/concept-label" xlink:from="AllReportingPeriodsMember" xlink:to="label_AllReportingPeriodsMember_2" xlink:title="label: AllReportingPeriodsMember to label_AllReportingPeriodsMember"/>
    <link:loc xlink:type="locator" xlink:href="gsd.xsd#gsd_RegisteredReportingPeriodDeviatingFromReportedReportingPeriodDueArbitraryDatesMember" xlink:label="RegisteredReportingPeriodDeviatingFromReportedReportingPeriodDueArbitraryDatesMember" xlink:title="RegisteredReportingPeriodDeviatingFromReportedReportingPeriodDueArbitraryDatesMember"/>
    <link:label xlink:type="resource" xlink:label="label_RegisteredReportingPeriodDeviatingFromReportedReportingPeriodDueArbitraryDatesMember" xlink:role="http://www.xbrl.org/2003/role/label" xlink:title="label_RegisteredReportingPeriodDeviatingFromReportedReportingPeriodDueArbitraryDatesMember" xml:lang="da" id="label_RegisteredReportingPeriodDeviatingFromReportedReportingPeriodDueArbitraryDatesMember">Registreret regnskabsperiode der fra afviger rapporteret regnskabsperiode pga. flydende regnskabår</link:label>
    <link:labelArc xlink:type="arc" xlink:arcrole="http://www.xbrl.org/2003/arcrole/concept-label" xlink:from="RegisteredReportingPeriodDeviatingFromReportedReportingPeriodDueArbitraryDatesMember" xlink:to="label_RegisteredReportingPeriodDeviatingFromReportedReportingPeriodDueArbitraryDatesMember" xlink:title="label: RegisteredReportingPeriodDeviatingFromReportedReportingPeriodDueArbitraryDatesMember to label_RegisteredReportingPeriodDeviatingFromReportedReportingPeriodDueArbitraryDatesMember"/>
    <link:label xlink:type="resource" xlink:label="label_RegisteredReportingPeriodDeviatingFromReportedReportingPeriodDueArbitraryDatesMember_2" xlink:role="http://www.xbrl.org/2003/role/label" xlink:title="label_RegisteredReportingPeriodDeviatingFromReportedReportingPeriodDueArbitraryDatesMember" xml:lang="en" id="label_RegisteredReportingPeriodDeviatingFromReportedReportingPeriodDueArbitraryDatesMember_2">Registered reporting period deviating from reported reporting period due arbitrary dates </link:label>
    <link:labelArc xlink:type="arc" xlink:arcrole="http://www.xbrl.org/2003/arcrole/concept-label" xlink:from="RegisteredReportingPeriodDeviatingFromReportedReportingPeriodDueArbitraryDatesMember" xlink:to="label_RegisteredReportingPeriodDeviatingFromReportedReportingPeriodDueArbitraryDatesMember_2" xlink:title="label: RegisteredReportingPeriodDeviatingFromReportedReportingPeriodDueArbitraryDatesMember to label_RegisteredReportingPeriodDeviatingFromReportedReportingPeriodDueArbitraryDatesMember"/>
    <link:loc xlink:type="locator" xlink:href="gsd.xsd#gsd_DetailsOnReportingPeriodHypercube" xlink:label="DetailsOnReportingPeriodHypercube" xlink:title="DetailsOnReportingPeriodHypercube"/>
    <link:label xlink:type="resource" xlink:label="label_DetailsOnReportingPeriodHypercube" xlink:role="http://www.xbrl.org/2003/role/label" xlink:title="label_DetailsOnReportingPeriodHypercube" xml:lang="da" id="label_DetailsOnReportingPeriodHypercube">Information om regnskabsperiode</link:label>
    <link:labelArc xlink:type="arc" xlink:arcrole="http://www.xbrl.org/2003/arcrole/concept-label" xlink:from="DetailsOnReportingPeriodHypercube" xlink:to="label_DetailsOnReportingPeriodHypercube" xlink:title="label: DetailsOnReportingPeriodHypercube to label_DetailsOnReportingPeriodHypercube"/>
    <link:label xlink:type="resource" xlink:label="label_DetailsOnReportingPeriodHypercube_2" xlink:role="http://www.xbrl.org/2003/role/label" xlink:title="label_DetailsOnReportingPeriodHypercube" xml:lang="en" id="label_DetailsOnReportingPeriodHypercube_2">Information on reporting period</link:label>
    <link:labelArc xlink:type="arc" xlink:arcrole="http://www.xbrl.org/2003/arcrole/concept-label" xlink:from="DetailsOnReportingPeriodHypercube" xlink:to="label_DetailsOnReportingPeriodHypercube_2" xlink:title="label: DetailsOnReportingPeriodHypercube to label_DetailsOnReportingPeriodHypercube"/>
    <link:loc xlink:type="locator" xlink:href="gsd.xsd#gsd_DetailsOnReportingPeriodAbstract" xlink:label="newItem" xlink:title="newItem"/>
    <link:label xlink:type="resource" xlink:label="label_newItem" xlink:role="http://www.xbrl.org/2003/role/label" xlink:title="label_newItem" xml:lang="en" id="label_newItem">Details on reporting period</link:label>
    <link:labelArc xlink:type="arc" xlink:arcrole="http://www.xbrl.org/2003/arcrole/concept-label" xlink:from="newItem" xlink:to="label_newItem" xlink:title="label: newItem to label_newItem"/>
    <link:label xlink:type="resource" xlink:label="label_newItem_2" xlink:role="http://www.xbrl.org/2003/role/label" xlink:title="label_newItem" xml:lang="da" id="label_newItem_2">Detaljer om regnskabsperiode</link:label>
    <link:labelArc xlink:type="arc" xlink:arcrole="http://www.xbrl.org/2003/arcrole/concept-label" xlink:from="newItem" xlink:to="label_newItem_2" xlink:title="label: newItem to label_newItem"/>
    <link:loc xlink:type="locator" xlink:href="gsd.xsd#gsd_InformationOnReportingPeriodAbstract" xlink:label="copyOfDetailsOnReportingPeriodAbstract" xlink:title="copyOfDetailsOnReportingPeriodAbstract"/>
    <link:label xlink:type="resource" xlink:label="label_copyOfDetailsOnReportingPeriodAbstract" xlink:role="http://www.xbrl.org/2003/role/label" xlink:title="label_copyOfDetailsOnReportingPeriodAbstract" xml:lang="da" id="label_copyOfDetailsOnReportingPeriodAbstract">Information om regnskabsperiode</link:label>
    <link:labelArc xlink:type="arc" xlink:arcrole="http://www.xbrl.org/2003/arcrole/concept-label" xlink:from="copyOfDetailsOnReportingPeriodAbstract" xlink:to="label_copyOfDetailsOnReportingPeriodAbstract" xlink:title="label: copyOfDetailsOnReportingPeriodAbstract to label_copyOfDetailsOnReportingPeriodAbstract"/>
    <link:label xlink:type="resource" xlink:label="label_copyOfDetailsOnReportingPeriodAbstract_2" xlink:role="http://www.xbrl.org/2003/role/label" xlink:title="label_copyOfDetailsOnReportingPeriodAbstract" xml:lang="en" id="label_copyOfDetailsOnReportingPeriodAbstract_2">Information on reporting period</link:label>
    <link:labelArc xlink:type="arc" xlink:arcrole="http://www.xbrl.org/2003/arcrole/concept-label" xlink:from="copyOfDetailsOnReportingPeriodAbstract" xlink:to="label_copyOfDetailsOnReportingPeriodAbstract_2" xlink:title="label: copyOfDetailsOnReportingPeriodAbstract to label_copyOfDetailsOnReportingPeriodAbstract"/>
  </link:labelLink>
</link:linkbase>
