<?xml version="1.0" encoding="UTF-8"?>
<!-- Generated by Fujitsu Interstage XWand B0166 -->
<?officialURI http://archprod.service.eogs.dk/taxonomy/20140701/gsd/gsd_gla-da.xml?>

<?taxonomy-version 1.5.0?>

<link:linkbase xmlns:xsi="http://www.w3.org/2001/XMLSchema-instance" xsi:schemaLocation="http://www.xbrl.org/2003/linkbase http://www.xbrl.org/2003/xbrl-linkbase-2003-12-31.xsd http://xbrl.org/2008/label http://www.xbrl.org/2008/generic-label.xsd http://xbrl.org/2008/generic http://www.xbrl.org/2008/generic-link.xsd" xmlns:gen="http://xbrl.org/2008/generic" xmlns:link="http://www.xbrl.org/2003/linkbase" xmlns:xlink="http://www.w3.org/1999/xlink" xmlns:label="http://xbrl.org/2008/label">
  <link:roleRef roleURI="http://www.xbrl.org/2008/role/link" xlink:type="simple" xlink:href="http://www.xbrl.org/2008/generic-link.xsd#standard-link-role"/>
  <link:roleRef roleURI="http://www.xbrl.org/2008/role/label" xlink:type="simple" xlink:href="http://www.xbrl.org/2008/generic-label.xsd#standard-label"/>
  <link:arcroleRef arcroleURI="http://xbrl.org/arcrole/2008/element-label" xlink:type="simple" xlink:href="http://www.xbrl.org/2008/generic-label.xsd#element-label"/>
  <gen:link xlink:type="extended" xlink:role="http://www.xbrl.org/2008/role/link">
    <link:loc xlink:type="locator" xlink:href="gsd.xsd#gsd_RoleGeneralAndSubmissionData" xlink:label="roleType"/>
    <label:label xlink:type="resource" xlink:label="label_2" xlink:role="http://www.xbrl.org/2008/role/label" xml:lang="da">[000.00] Indsendelsesoplysninger</label:label>
    <gen:arc xlink:type="arc" xlink:arcrole="http://xbrl.org/arcrole/2008/element-label" xlink:from="roleType" xlink:to="label_2" order="10.0"/>
    <link:loc xlink:type="locator" xlink:href="gsd.xsd#gsd_RoleGeneralAndSubmissionDataDetails" xlink:label="roleType_2"/>
    <label:label xlink:type="resource" xlink:label="label_4" xlink:role="http://www.xbrl.org/2008/role/label" xml:lang="da">[000.00] Indsendelsesoplysninger - Detaljer</label:label>
    <gen:arc xlink:type="arc" xlink:arcrole="http://xbrl.org/arcrole/2008/element-label" xlink:from="roleType_2" xlink:to="label_4" order="10.0"/>
    <link:loc xlink:type="locator" xlink:href="gsd.xsd#gsd_RoleHypercubeGeneralAndSubmissionDataDetailsOnMembersOfExecutiveBoard" xlink:label="roleType_3"/>
    <label:label xlink:type="resource" xlink:label="label_6" xlink:role="http://www.xbrl.org/2008/role/label" xml:lang="da">[000.01] Hypercube [Indsendelsesoplysninger] - Detaljer om medlemmer af direktionen</label:label>
    <gen:arc xlink:type="arc" xlink:arcrole="http://xbrl.org/arcrole/2008/element-label" xlink:from="roleType_3" xlink:to="label_6" order="10.0"/>
    <link:loc xlink:type="locator" xlink:href="gsd.xsd#gsd_RoleHypercubeGeneralAndSubmissionDataDetailsOnMembersOfSupervisoryBoard" xlink:label="roleType_4"/>
    <label:label xlink:type="resource" xlink:label="label_8" xlink:role="http://www.xbrl.org/2008/role/label" xml:lang="da">[000.02] Hypercube [Indsendelsesoplysninger] - Detaljer om medlemmer af bestyrelsen</label:label>
    <gen:arc xlink:type="arc" xlink:arcrole="http://xbrl.org/arcrole/2008/element-label" xlink:from="roleType_4" xlink:to="label_8" order="10.0"/>
    <link:loc xlink:type="locator" xlink:href="gsd.xsd#gsd_RoleHypercubeGeneralAndSubmissionDataDetailsOnAuditorPerformingAuditOfFinancialStatements" xlink:label="roleType_5"/>
    <label:label xlink:type="resource" xlink:label="label_10" xlink:role="http://www.xbrl.org/2008/role/label" xml:lang="da">[000.03] Hypercube [Indsendelsesoplysninger] - Detaljer om revisor</label:label>
    <gen:arc xlink:type="arc" xlink:arcrole="http://xbrl.org/arcrole/2008/element-label" xlink:from="roleType_5" xlink:to="label_10" order="10.0"/>
    <link:loc xlink:type="locator" xlink:href="gsd.xsd#gsd_RoleHypercubeGeneralAndSubmissionDataDetailsOnLiquidator" xlink:label="roleType_6"/>
    <label:label xlink:type="resource" xlink:label="label_12" xlink:role="http://www.xbrl.org/2008/role/label" xml:lang="da">[000.04] Hypercube [Indsendelsesoplysninger] - Detaljer om likvidator</label:label>
    <gen:arc xlink:type="arc" xlink:arcrole="http://xbrl.org/arcrole/2008/element-label" xlink:from="roleType_6" xlink:to="label_12" order="10.0"/>
    <link:loc xlink:type="locator" xlink:href="gsd.xsd#gsd_RoleHypercubeGeneralAndSubmissionDataDetailsOnSecondaryNameOfReportingEntity" xlink:label="roleType_7"/>
    <label:label xlink:type="resource" xlink:label="label_14" xlink:role="http://www.xbrl.org/2008/role/label" xml:lang="da">[000.05] Hypercube [Indsendelsesoplysninger] - Detaljer om regnskabsaflaeggende virksomheds binavn</label:label>
    <gen:arc xlink:type="arc" xlink:arcrole="http://xbrl.org/arcrole/2008/element-label" xlink:from="roleType_7" xlink:to="label_14" order="10.0"/>
  </gen:link>
</link:linkbase>
