<?xml version="1.0" encoding="UTF-8"?>
<!-- Generated by Fujitsu Interstage XWand B0166 -->
<?officialURI http://archprod.service.eogs.dk/taxonomy/20130401/fsa/600cfs_def.xml?>

<?taxonomy-version 1.5.0?>

<link:linkbase xmlns:xsi="http://www.w3.org/2001/XMLSchema-instance" xsi:schemaLocation="http://www.xbrl.org/2003/linkbase http://www.xbrl.org/2003/xbrl-linkbase-2003-12-31.xsd" xmlns:link="http://www.xbrl.org/2003/linkbase" xmlns:tch="http://xbrl.dcca.dk/tch" xmlns:xlink="http://www.w3.org/1999/xlink" xmlns:xbrli="http://www.xbrl.org/2003/instance" xmlns:xbrldt="http://xbrl.org/2005/xbrldt">
  <link:roleRef roleURI="http://xbrl.dcca.dk/role/600.00/CashFlowStatement" xlink:type="simple" xlink:href="fsa.xsd#fsa_RoleCashFlowStatement"/>
  <link:roleRef roleURI="http://xbrl.dcca.dk/role/600.03/Hypercube/CashFlowStatement/DetailsOnOtherComponentsOfCashFlowsFromUsedInFinancingActivities" xlink:type="simple" xlink:href="fsa.xsd#fsa_RoleHypercubeCashFlowStatementDetailsOnOtherComponentsOfCashFlowsFromUsedInFinancingActivities"/>
  <link:roleRef roleURI="http://xbrl.dcca.dk/role/600.01/Hypercube/CashFlowStatement/DetailsOnOtherComponentsOfCashFlowsFromUsedInOperatingActivities" xlink:type="simple" xlink:href="fsa.xsd#fsa_RoleHypercubeCashFlowStatementDetailsOnOtherComponentsOfCashFlowsFromUsedInOperatingActivities"/>
  <link:roleRef roleURI="http://xbrl.dcca.dk/role/901.01/DimensionConsolidatedSolo" xlink:type="simple" xlink:href="../cmn.xsd#cmn_RoleDimensionConsolidatedSolo"/>
  <link:roleRef roleURI="http://xbrl.dcca.dk/role/600.02/Hypercube/CashFlowStatement/DetailsOnOtherComponentsOfCashFlowsFromUsedInInvestingActivities" xlink:type="simple" xlink:href="fsa.xsd#fsa_RoleHypercubeCashFlowStatementDetailsOnOtherComponentsOfCashFlowsFromUsedInInvestingActivities"/>
  <link:roleRef roleURI="http://xbrl.dcca.dk/role/600.00/CashFlowStatement/Details" xlink:type="simple" xlink:href="fsa.xsd#fsa_RoleCashFlowStatementDetails"/>
  <link:arcroleRef arcroleURI="http://xbrl.org/int/dim/arcrole/all" xlink:type="simple" xlink:href="http://www.xbrl.org/2005/xbrldt-2005.xsd#all"/>
  <link:arcroleRef arcroleURI="http://xbrl.org/int/dim/arcrole/domain-member" xlink:type="simple" xlink:href="http://www.xbrl.org/2005/xbrldt-2005.xsd#domain-member"/>
  <link:arcroleRef arcroleURI="http://xbrl.org/int/dim/arcrole/hypercube-dimension" xlink:type="simple" xlink:href="http://www.xbrl.org/2005/xbrldt-2005.xsd#hypercube-dimension"/>
  <link:definitionLink xlink:type="extended" xlink:role="http://xbrl.dcca.dk/role/600.00/CashFlowStatement">
    <link:loc xlink:type="locator" xlink:href="../cmn.xsd#cmn_CommonHypercube" xlink:label="CommonHypercube"/>
    <link:loc xlink:type="locator" xlink:href="../cmn.xsd#cmn_ConsolidatedSoloDimension" xlink:label="ConsolidatedSoloDimension"/>
    <link:definitionArc xlink:type="arc" xlink:arcrole="http://xbrl.org/int/dim/arcrole/hypercube-dimension" xlink:from="CommonHypercube" xlink:to="ConsolidatedSoloDimension" order="10.0" xbrldt:targetRole="http://xbrl.dcca.dk/role/901.01/DimensionConsolidatedSolo"/>
    <link:loc xlink:type="locator" xlink:href="fsa.xsd#fsa_CashFlowsFromUsedInOperatingActivities" xlink:label="CashFlowsFromUsedInOperatingActivities"/>
    <link:loc xlink:type="locator" xlink:href="fsa.xsd#fsa_ProfitLoss" xlink:label="ProfitLoss"/>
    <link:definitionArc xlink:type="arc" xlink:arcrole="http://xbrl.org/int/dim/arcrole/domain-member" xlink:from="CashFlowsFromUsedInOperatingActivities" xlink:to="ProfitLoss" order="10.0"/>
    <link:loc xlink:type="locator" xlink:href="fsa.xsd#fsa_AdjustmentsForDecreaseIncreaseInWorkingCapital" xlink:label="AdjustmentsForDecreaseIncreaseInWorkingCapital"/>
    <link:definitionArc xlink:type="arc" xlink:arcrole="http://xbrl.org/int/dim/arcrole/domain-member" xlink:from="CashFlowsFromUsedInOperatingActivities" xlink:to="AdjustmentsForDecreaseIncreaseInWorkingCapital" order="30.0"/>
    <link:loc xlink:type="locator" xlink:href="fsa.xsd#fsa_DecreaseIncreaseInInventories" xlink:label="DecreaseIncreaseInInventories"/>
    <link:definitionArc xlink:type="arc" xlink:arcrole="http://xbrl.org/int/dim/arcrole/domain-member" xlink:from="AdjustmentsForDecreaseIncreaseInWorkingCapital" xlink:to="DecreaseIncreaseInInventories" use="optional" order="10.0"/>
    <link:loc xlink:type="locator" xlink:href="fsa.xsd#fsa_DecreaseIncreaseInReceivables" xlink:label="DecreaseIncreaseInReceivables"/>
    <link:definitionArc xlink:type="arc" xlink:arcrole="http://xbrl.org/int/dim/arcrole/domain-member" xlink:from="AdjustmentsForDecreaseIncreaseInWorkingCapital" xlink:to="DecreaseIncreaseInReceivables" use="optional" order="20.0"/>
    <link:loc xlink:type="locator" xlink:href="fsa.xsd#fsa_DecreaseIncreaseInTradePayables" xlink:label="DecreaseIncreaseInTradePayables"/>
    <link:definitionArc xlink:type="arc" xlink:arcrole="http://xbrl.org/int/dim/arcrole/domain-member" xlink:from="AdjustmentsForDecreaseIncreaseInWorkingCapital" xlink:to="DecreaseIncreaseInTradePayables" use="optional" order="30.0"/>
    <link:loc xlink:type="locator" xlink:href="fsa.xsd#fsa_OtherAdjustmentsForDecreaseIncreaseInWorkingCapital" xlink:label="OtherAdjustmentsForDecreaseIncreaseInWorkingCapital"/>
    <link:definitionArc xlink:type="arc" xlink:arcrole="http://xbrl.org/int/dim/arcrole/domain-member" xlink:from="AdjustmentsForDecreaseIncreaseInWorkingCapital" xlink:to="OtherAdjustmentsForDecreaseIncreaseInWorkingCapital" use="optional" order="40.0"/>
    <link:loc xlink:type="locator" xlink:href="fsa.xsd#fsa_InterestReceivedClassifiedAsOperatingActivities" xlink:label="InterestReceivedClassifiedAsOperatingActivities"/>
    <link:definitionArc xlink:type="arc" xlink:arcrole="http://xbrl.org/int/dim/arcrole/domain-member" xlink:from="CashFlowsFromUsedInOperatingActivities" xlink:to="InterestReceivedClassifiedAsOperatingActivities" order="50.0"/>
    <link:loc xlink:type="locator" xlink:href="fsa.xsd#fsa_InterestPaidClassifiedAsOperatingActivities" xlink:label="InterestPaidClassifiedAsOperatingActivities"/>
    <link:definitionArc xlink:type="arc" xlink:arcrole="http://xbrl.org/int/dim/arcrole/domain-member" xlink:from="CashFlowsFromUsedInOperatingActivities" xlink:to="InterestPaidClassifiedAsOperatingActivities" order="60.0"/>
    <link:loc xlink:type="locator" xlink:href="fsa.xsd#fsa_IncomeTaxesPaidRefundClassifiedAsOperatingActivities" xlink:label="IncomeTaxesPaidRefundClassifiedAsOperatingActivities"/>
    <link:definitionArc xlink:type="arc" xlink:arcrole="http://xbrl.org/int/dim/arcrole/domain-member" xlink:from="CashFlowsFromUsedInOperatingActivities" xlink:to="IncomeTaxesPaidRefundClassifiedAsOperatingActivities" order="80.0"/>
    <link:loc xlink:type="locator" xlink:href="fsa.xsd#fsa_OtherComponentsOfCashFlowsFromUsedInOperatingActivities" xlink:label="OtherComponentsOfCashFlowsFromUsedInOperatingActivities"/>
    <link:definitionArc xlink:type="arc" xlink:arcrole="http://xbrl.org/int/dim/arcrole/domain-member" xlink:from="CashFlowsFromUsedInOperatingActivities" xlink:to="OtherComponentsOfCashFlowsFromUsedInOperatingActivities" order="120.0"/>
    <link:loc xlink:type="locator" xlink:href="fsa.xsd#fsa_DetailsOnOtherComponentsOfCashFlowsFromUsedInOperatingActivitiesAbstract" xlink:label="DetailsOnOtherComponentsOfCashFlowsFromUsedInOperatingActivitiesAbstract"/>
    <link:definitionArc xlink:type="arc" xlink:arcrole="http://xbrl.org/int/dim/arcrole/domain-member" xlink:from="OtherComponentsOfCashFlowsFromUsedInOperatingActivities" xlink:to="DetailsOnOtherComponentsOfCashFlowsFromUsedInOperatingActivitiesAbstract" order="10.0" xbrldt:targetRole="http://xbrl.dcca.dk/role/600.00/CashFlowStatement/Details"/>
    <link:loc xlink:type="locator" xlink:href="fsa.xsd#fsa_ShareBasedPayment" xlink:label="ShareBasedPayment"/>
    <link:definitionArc xlink:type="arc" xlink:arcrole="http://xbrl.org/int/dim/arcrole/domain-member" xlink:from="CashFlowsFromUsedInOperatingActivities" xlink:to="ShareBasedPayment" order="90.0"/>
    <link:loc xlink:type="locator" xlink:href="fsa.xsd#fsa_OtherCashFlowsFromUsedInOperatingActivities" xlink:label="OtherCashFlowsFromUsedInOperatingActivities"/>
    <link:definitionArc xlink:type="arc" xlink:arcrole="http://xbrl.org/int/dim/arcrole/domain-member" xlink:from="CashFlowsFromUsedInOperatingActivities" xlink:to="OtherCashFlowsFromUsedInOperatingActivities" order="130.0"/>
    <link:loc xlink:type="locator" xlink:href="fsa.xsd#fsa_ExtraordinaryPaymentsInflow" xlink:label="ExtraordinaryPaymentsInflow"/>
    <link:definitionArc xlink:type="arc" xlink:arcrole="http://xbrl.org/int/dim/arcrole/domain-member" xlink:from="CashFlowsFromUsedInOperatingActivities" xlink:to="ExtraordinaryPaymentsInflow" order="100.0"/>
    <link:loc xlink:type="locator" xlink:href="fsa.xsd#fsa_ExtraordinaryPaymentsOutflow" xlink:label="ExtraordinaryPaymentsOutflow"/>
    <link:definitionArc xlink:type="arc" xlink:arcrole="http://xbrl.org/int/dim/arcrole/domain-member" xlink:from="CashFlowsFromUsedInOperatingActivities" xlink:to="ExtraordinaryPaymentsOutflow" order="110.0"/>
    <link:loc xlink:type="locator" xlink:href="fsa.xsd#fsa_Adjustments" xlink:label="Adjustments"/>
    <link:definitionArc xlink:type="arc" xlink:arcrole="http://xbrl.org/int/dim/arcrole/domain-member" xlink:from="CashFlowsFromUsedInOperatingActivities" xlink:to="Adjustments" order="20.0"/>
    <link:loc xlink:type="locator" xlink:href="fsa.xsd#fsa_OtherAdjustments" xlink:label="OtherAdjustments"/>
    <link:definitionArc xlink:type="arc" xlink:arcrole="http://xbrl.org/int/dim/arcrole/domain-member" xlink:from="Adjustments" xlink:to="OtherAdjustments" use="optional" order="160.0"/>
    <link:loc xlink:type="locator" xlink:href="fsa.xsd#fsa_DepreciationAmortisationExpenseAndImpairmentLossesOfPropertyPlantAndEquipmentAndIntangibleAssets" xlink:label="DepreciationAmortisationExpenseAndImpairmentLossesOfPropertyPlantAndEquipmentAndIntangibleAssets"/>
    <link:definitionArc xlink:type="arc" xlink:arcrole="http://xbrl.org/int/dim/arcrole/domain-member" xlink:from="Adjustments" xlink:to="DepreciationAmortisationExpenseAndImpairmentLossesOfPropertyPlantAndEquipmentAndIntangibleAssets" use="optional" order="10.0"/>
    <link:loc xlink:type="locator" xlink:href="fsa.xsd#fsa_OtherProvisionsCashFlow" xlink:label="OtherProvisionsCashFlow"/>
    <link:definitionArc xlink:type="arc" xlink:arcrole="http://xbrl.org/int/dim/arcrole/domain-member" xlink:from="Adjustments" xlink:to="OtherProvisionsCashFlow" use="optional" order="150.0"/>
    <link:loc xlink:type="locator" xlink:href="fsa.xsd#fsa_ProfitOnRealisationsOfFixedAssets" xlink:label="ProfitOnRealisationsOfFixedAssets"/>
    <link:definitionArc xlink:type="arc" xlink:arcrole="http://xbrl.org/int/dim/arcrole/domain-member" xlink:from="Adjustments" xlink:to="ProfitOnRealisationsOfFixedAssets" order="30.0"/>
    <link:loc xlink:type="locator" xlink:href="fsa.xsd#fsa_AdjustmentsOfProfitFromGroupEnterprisesAfterTax" xlink:label="AdjustmentsOfProfitFromGroupEnterprisesAfterTax"/>
    <link:definitionArc xlink:type="arc" xlink:arcrole="http://xbrl.org/int/dim/arcrole/domain-member" xlink:from="Adjustments" xlink:to="AdjustmentsOfProfitFromGroupEnterprisesAfterTax" order="40.0"/>
    <link:loc xlink:type="locator" xlink:href="fsa.xsd#fsa_AdjustmentsOfProfitFromAssociatesAfterTax" xlink:label="AdjustmentsOfProfitFromAssociatesAfterTax"/>
    <link:definitionArc xlink:type="arc" xlink:arcrole="http://xbrl.org/int/dim/arcrole/domain-member" xlink:from="Adjustments" xlink:to="AdjustmentsOfProfitFromAssociatesAfterTax" order="60.0"/>
    <link:loc xlink:type="locator" xlink:href="fsa.xsd#fsa_AdjustmentsOfInterestAndSimilarIncomes" xlink:label="AdjustmentsOfInterestAndSimilarIncomes"/>
    <link:definitionArc xlink:type="arc" xlink:arcrole="http://xbrl.org/int/dim/arcrole/domain-member" xlink:from="Adjustments" xlink:to="AdjustmentsOfInterestAndSimilarIncomes" order="80.0"/>
    <link:loc xlink:type="locator" xlink:href="fsa.xsd#fsa_AdjustmentsfInterestAndSimilarExpenses" xlink:label="AdjustmentsfInterestAndSimilarExpenses"/>
    <link:definitionArc xlink:type="arc" xlink:arcrole="http://xbrl.org/int/dim/arcrole/domain-member" xlink:from="Adjustments" xlink:to="AdjustmentsfInterestAndSimilarExpenses" order="90.0"/>
    <link:loc xlink:type="locator" xlink:href="fsa.xsd#fsa_AdjustmentsOfExtraordinaryItem" xlink:label="AdjustmentsOfExtraordinaryItem"/>
    <link:definitionArc xlink:type="arc" xlink:arcrole="http://xbrl.org/int/dim/arcrole/domain-member" xlink:from="Adjustments" xlink:to="AdjustmentsOfExtraordinaryItem" order="120.0"/>
    <link:loc xlink:type="locator" xlink:href="fsa.xsd#fsa_AdjustmentsOfTaxExpense" xlink:label="AdjustmentsOfTaxExpense"/>
    <link:definitionArc xlink:type="arc" xlink:arcrole="http://xbrl.org/int/dim/arcrole/domain-member" xlink:from="Adjustments" xlink:to="AdjustmentsOfTaxExpense" order="130.0"/>
    <link:loc xlink:type="locator" xlink:href="fsa.xsd#fsa_AdjustmentsForDeferredTaxCashFlow" xlink:label="AdjustmentsForDeferredTaxCashFlow"/>
    <link:definitionArc xlink:type="arc" xlink:arcrole="http://xbrl.org/int/dim/arcrole/domain-member" xlink:from="Adjustments" xlink:to="AdjustmentsForDeferredTaxCashFlow" order="140.0"/>
    <link:loc xlink:type="locator" xlink:href="fsa.xsd#fsa_WritedownsOfCurrentAssets" xlink:label="WritedownsOfCurrentAssets"/>
    <link:definitionArc xlink:type="arc" xlink:arcrole="http://xbrl.org/int/dim/arcrole/domain-member" xlink:from="Adjustments" xlink:to="WritedownsOfCurrentAssets" use="optional" order="20.0"/>
    <link:loc xlink:type="locator" xlink:href="fsa.xsd#fsa_AdjustmentsOfFinancialLiabilities" xlink:label="AdjustmentsOfFinancialLiabilities"/>
    <link:definitionArc xlink:type="arc" xlink:arcrole="http://xbrl.org/int/dim/arcrole/domain-member" xlink:from="Adjustments" xlink:to="AdjustmentsOfFinancialLiabilities" order="100.0"/>
    <link:loc xlink:type="locator" xlink:href="fsa.xsd#fsa_AdjustmentsOfShareBasedPayment" xlink:label="AdjustmentsOfShareBasedPayment"/>
    <link:definitionArc xlink:type="arc" xlink:arcrole="http://xbrl.org/int/dim/arcrole/domain-member" xlink:from="Adjustments" xlink:to="AdjustmentsOfShareBasedPayment" order="110.0"/>
    <link:loc xlink:type="locator" xlink:href="fsa.xsd#fsa_AdjustmentsOfDividendsFromGroupEnterprises" xlink:label="AdjustmentsOfDividendsFromGroupEnterprises"/>
    <link:definitionArc xlink:type="arc" xlink:arcrole="http://xbrl.org/int/dim/arcrole/domain-member" xlink:from="Adjustments" xlink:to="AdjustmentsOfDividendsFromGroupEnterprises" order="50.0"/>
    <link:loc xlink:type="locator" xlink:href="fsa.xsd#fsa_AdjustmentsOfDividendsFromAssociates" xlink:label="AdjustmentsOfDividendsFromAssociates"/>
    <link:definitionArc xlink:type="arc" xlink:arcrole="http://xbrl.org/int/dim/arcrole/domain-member" xlink:from="Adjustments" xlink:to="AdjustmentsOfDividendsFromAssociates" order="70.0"/>
    <link:loc xlink:type="locator" xlink:href="fsa.xsd#fsa_AdjustmentsOfIncomeExceedCostCostExceedIncomeForTheFinancialYearInflowOutflow" xlink:label="AdjustmentsOfIncomeExceedCostCostExceedIncomeForTheFinancialYearInflowOutflow" xlink:title="AdjustmentsOfIncomeExceedCostCostExceedIncomeForTheFinancialYearInflowOutflow"/>
    <link:definitionArc xlink:type="arc" xlink:arcrole="http://xbrl.org/int/dim/arcrole/domain-member" xlink:from="Adjustments" xlink:to="AdjustmentsOfIncomeExceedCostCostExceedIncomeForTheFinancialYearInflowOutflow" xlink:title="definition: Adjustments to AdjustmentsOfIncomeExceedCostCostExceedIncomeForTheFinancialYearInflowOutflow" order="155.0"/>
    <link:loc xlink:type="locator" xlink:href="fsa.xsd#fsa_CashFlowFromOperatingActivitiesBeforeFinancialItems" xlink:label="CashFlowFromOperatingActivitiesBeforeFinancialItems"/>
    <link:definitionArc xlink:type="arc" xlink:arcrole="http://xbrl.org/int/dim/arcrole/domain-member" xlink:from="CashFlowsFromUsedInOperatingActivities" xlink:to="CashFlowFromOperatingActivitiesBeforeFinancialItems" order="40.0"/>
    <link:loc xlink:type="locator" xlink:href="fsa.xsd#fsa_CashFlowFromOrdinaryOperatingActivities" xlink:label="CashFlowFromOrdinaryOperatingActivities"/>
    <link:definitionArc xlink:type="arc" xlink:arcrole="http://xbrl.org/int/dim/arcrole/domain-member" xlink:from="CashFlowsFromUsedInOperatingActivities" xlink:to="CashFlowFromOrdinaryOperatingActivities" order="70.0"/>
    <link:loc xlink:type="locator" xlink:href="fsa.xsd#fsa_Revenue" xlink:label="Revenue" xlink:title="Revenue"/>
    <link:definitionArc xlink:type="arc" xlink:arcrole="http://xbrl.org/int/dim/arcrole/domain-member" xlink:from="CashFlowsFromUsedInOperatingActivities" xlink:to="Revenue" xlink:title="definition: CashFlowsFromUsedInOperatingActivities to Revenue" order="1.0"/>
    <link:loc xlink:type="locator" xlink:href="fsa.xsd#fsa_OtherOperatingIncome" xlink:label="OtherOperatingIncome" xlink:title="OtherOperatingIncome"/>
    <link:definitionArc xlink:type="arc" xlink:arcrole="http://xbrl.org/int/dim/arcrole/domain-member" xlink:from="CashFlowsFromUsedInOperatingActivities" xlink:to="OtherOperatingIncome" xlink:title="definition: CashFlowsFromUsedInOperatingActivities to OtherOperatingIncome" order="3.0"/>
    <link:loc xlink:type="locator" xlink:href="fsa.xsd#fsa_OtherOperatingExpenses" xlink:label="OtherOperatingExpenses" xlink:title="OtherOperatingExpenses"/>
    <link:definitionArc xlink:type="arc" xlink:arcrole="http://xbrl.org/int/dim/arcrole/domain-member" xlink:from="CashFlowsFromUsedInOperatingActivities" xlink:to="OtherOperatingExpenses" xlink:title="definition: CashFlowsFromUsedInOperatingActivities to OtherOperatingExpenses" order="4.0"/>
    <link:loc xlink:type="locator" xlink:href="fsa.xsd#fsa_CostsCashFlow" xlink:label="CostsCashFlow" xlink:title="CostsCashFlow"/>
    <link:definitionArc xlink:type="arc" xlink:arcrole="http://xbrl.org/int/dim/arcrole/domain-member" xlink:from="CashFlowsFromUsedInOperatingActivities" xlink:to="CostsCashFlow" xlink:title="definition: CashFlowsFromUsedInOperatingActivities to CostsCashFlow" order="2.0"/>
    <link:loc xlink:type="locator" xlink:href="fsa.xsd#fsa_GrossResult" xlink:label="GrossResult" xlink:title="GrossResult"/>
    <link:definitionArc xlink:type="arc" xlink:arcrole="http://xbrl.org/int/dim/arcrole/domain-member" xlink:from="CashFlowsFromUsedInOperatingActivities" xlink:to="GrossResult" xlink:title="definition: CashFlowsFromUsedInOperatingActivities to GrossResult" order="5.0"/>
    <link:loc xlink:type="locator" xlink:href="fsa.xsd#fsa_GrossProfitLoss" xlink:label="GrossProfitLoss" xlink:title="GrossProfitLoss"/>
    <link:definitionArc xlink:type="arc" xlink:arcrole="http://xbrl.org/int/dim/arcrole/domain-member" xlink:from="CashFlowsFromUsedInOperatingActivities" xlink:to="GrossProfitLoss" xlink:title="definition: CashFlowsFromUsedInOperatingActivities to GrossProfitLoss" order="6.0"/>
    <link:loc xlink:type="locator" xlink:href="fsa.xsd#fsa_ProfitLossFromOrdinaryOperatingActivities" xlink:label="ProfitLossFromOrdinaryOperatingActivities" xlink:title="ProfitLossFromOrdinaryOperatingActivities"/>
    <link:definitionArc xlink:type="arc" xlink:arcrole="http://xbrl.org/int/dim/arcrole/domain-member" xlink:from="CashFlowsFromUsedInOperatingActivities" xlink:to="ProfitLossFromOrdinaryOperatingActivities" xlink:title="definition: CashFlowsFromUsedInOperatingActivities to ProfitLossFromOrdinaryOperatingActivities" order="7.0"/>
    <link:loc xlink:type="locator" xlink:href="fsa.xsd#fsa_ProfitLossFromOrdinaryActivitiesBeforeTax" xlink:label="ProfitLossFromOrdinaryActivitiesBeforeTax" xlink:title="ProfitLossFromOrdinaryActivitiesBeforeTax"/>
    <link:definitionArc xlink:type="arc" xlink:arcrole="http://xbrl.org/int/dim/arcrole/domain-member" xlink:from="CashFlowsFromUsedInOperatingActivities" xlink:to="ProfitLossFromOrdinaryActivitiesBeforeTax" xlink:title="definition: CashFlowsFromUsedInOperatingActivities to ProfitLossFromOrdinaryActivitiesBeforeTax" order="8.0"/>
    <link:loc xlink:type="locator" xlink:href="fsa.xsd#fsa_ProfitLossFromOrdinaryActivitiesAfterTax" xlink:label="ProfitLossFromOrdinaryActivitiesAfterTax" xlink:title="ProfitLossFromOrdinaryActivitiesAfterTax"/>
    <link:definitionArc xlink:type="arc" xlink:arcrole="http://xbrl.org/int/dim/arcrole/domain-member" xlink:from="CashFlowsFromUsedInOperatingActivities" xlink:to="ProfitLossFromOrdinaryActivitiesAfterTax" xlink:title="definition: CashFlowsFromUsedInOperatingActivities to ProfitLossFromOrdinaryActivitiesAfterTax" order="9.0"/>
    <link:loc xlink:type="locator" xlink:href="fsa.xsd#fsa_CashFlowsFromUsedInInvestingActivities" xlink:label="CashFlowsFromUsedInInvestingActivities"/>
    <link:loc xlink:type="locator" xlink:href="fsa.xsd#fsa_PurchaseOfIntangibleAssetsClassifiedAsInvestingActivities" xlink:label="PurchaseOfIntangibleAssetsClassifiedAsInvestingActivities"/>
    <link:definitionArc xlink:type="arc" xlink:arcrole="http://xbrl.org/int/dim/arcrole/domain-member" xlink:from="CashFlowsFromUsedInInvestingActivities" xlink:to="PurchaseOfIntangibleAssetsClassifiedAsInvestingActivities" order="10.0"/>
    <link:loc xlink:type="locator" xlink:href="fsa.xsd#fsa_PurchaseOfPropertyPlantAndEquipmentClassifiedAsInvestingActivities" xlink:label="PurchaseOfPropertyPlantAndEquipmentClassifiedAsInvestingActivities"/>
    <link:definitionArc xlink:type="arc" xlink:arcrole="http://xbrl.org/int/dim/arcrole/domain-member" xlink:from="CashFlowsFromUsedInInvestingActivities" xlink:to="PurchaseOfPropertyPlantAndEquipmentClassifiedAsInvestingActivities" order="30.0"/>
    <link:loc xlink:type="locator" xlink:href="fsa.xsd#fsa_ProceedsFromSalesOfIntangibleAssetsClassifiedAsInvestingActivities" xlink:label="ProceedsFromSalesOfIntangibleAssetsClassifiedAsInvestingActivities"/>
    <link:definitionArc xlink:type="arc" xlink:arcrole="http://xbrl.org/int/dim/arcrole/domain-member" xlink:from="CashFlowsFromUsedInInvestingActivities" xlink:to="ProceedsFromSalesOfIntangibleAssetsClassifiedAsInvestingActivities" order="20.0"/>
    <link:loc xlink:type="locator" xlink:href="fsa.xsd#fsa_ProceedsFromSalesOfPropertyPlantAndEquipmentClassifiedAsInvestingActivities" xlink:label="ProceedsFromSalesOfPropertyPlantAndEquipmentClassifiedAsInvestingActivities"/>
    <link:definitionArc xlink:type="arc" xlink:arcrole="http://xbrl.org/int/dim/arcrole/domain-member" xlink:from="CashFlowsFromUsedInInvestingActivities" xlink:to="ProceedsFromSalesOfPropertyPlantAndEquipmentClassifiedAsInvestingActivities" order="40.0"/>
    <link:loc xlink:type="locator" xlink:href="fsa.xsd#fsa_PurchaseOfFinancialInstrumentsClassifiedAsInvestingActivities" xlink:label="PurchaseOfFinancialInstrumentsClassifiedAsInvestingActivities"/>
    <link:definitionArc xlink:type="arc" xlink:arcrole="http://xbrl.org/int/dim/arcrole/domain-member" xlink:from="CashFlowsFromUsedInInvestingActivities" xlink:to="PurchaseOfFinancialInstrumentsClassifiedAsInvestingActivities" order="70.0"/>
    <link:loc xlink:type="locator" xlink:href="fsa.xsd#fsa_OtherComponentsOfCashFlowsFromUsedInInvestingActivities" xlink:label="OtherComponentsOfCashFlowsFromUsedInInvestingActivities"/>
    <link:definitionArc xlink:type="arc" xlink:arcrole="http://xbrl.org/int/dim/arcrole/domain-member" xlink:from="CashFlowsFromUsedInInvestingActivities" xlink:to="OtherComponentsOfCashFlowsFromUsedInInvestingActivities" order="160.0"/>
    <link:loc xlink:type="locator" xlink:href="fsa.xsd#fsa_DetailsOnOtherComponentsOfCashFlowsFromUsedInInvestingActivitiesAbstract" xlink:label="DetailsOnOtherComponentsOfCashFlowsFromUsedInInvestingActivitiesAbstract"/>
    <link:definitionArc xlink:type="arc" xlink:arcrole="http://xbrl.org/int/dim/arcrole/domain-member" xlink:from="OtherComponentsOfCashFlowsFromUsedInInvestingActivities" xlink:to="DetailsOnOtherComponentsOfCashFlowsFromUsedInInvestingActivitiesAbstract" order="10.0" xbrldt:targetRole="http://xbrl.dcca.dk/role/600.00/CashFlowStatement/Details"/>
    <link:loc xlink:type="locator" xlink:href="fsa.xsd#fsa_ProceedsFromSalesOfFinancialInstrumentsClassifiedAsInvestingActivities" xlink:label="ProceedsFromSalesOfFinancialInstrumentsClassifiedAsInvestingActivities"/>
    <link:definitionArc xlink:type="arc" xlink:arcrole="http://xbrl.org/int/dim/arcrole/domain-member" xlink:from="CashFlowsFromUsedInInvestingActivities" xlink:to="ProceedsFromSalesOfFinancialInstrumentsClassifiedAsInvestingActivities" order="80.0"/>
    <link:loc xlink:type="locator" xlink:href="fsa.xsd#fsa_AcquisitionOfOtherCompany" xlink:label="AcquisitionOfOtherCompany"/>
    <link:definitionArc xlink:type="arc" xlink:arcrole="http://xbrl.org/int/dim/arcrole/domain-member" xlink:from="CashFlowsFromUsedInInvestingActivities" xlink:to="AcquisitionOfOtherCompany" order="90.0"/>
    <link:loc xlink:type="locator" xlink:href="fsa.xsd#fsa_SaleOfOtherCompany" xlink:label="SaleOfOtherCompany"/>
    <link:definitionArc xlink:type="arc" xlink:arcrole="http://xbrl.org/int/dim/arcrole/domain-member" xlink:from="CashFlowsFromUsedInInvestingActivities" xlink:to="SaleOfOtherCompany" order="100.0"/>
    <link:loc xlink:type="locator" xlink:href="fsa.xsd#fsa_Dividends" xlink:label="Dividends"/>
    <link:definitionArc xlink:type="arc" xlink:arcrole="http://xbrl.org/int/dim/arcrole/domain-member" xlink:from="CashFlowsFromUsedInInvestingActivities" xlink:to="Dividends" order="110.0"/>
    <link:loc xlink:type="locator" xlink:href="fsa.xsd#fsa_Loans" xlink:label="Loans"/>
    <link:definitionArc xlink:type="arc" xlink:arcrole="http://xbrl.org/int/dim/arcrole/domain-member" xlink:from="CashFlowsFromUsedInInvestingActivities" xlink:to="Loans" order="150.0"/>
    <link:loc xlink:type="locator" xlink:href="fsa.xsd#fsa_Repayments" xlink:label="Repayments"/>
    <link:definitionArc xlink:type="arc" xlink:arcrole="http://xbrl.org/int/dim/arcrole/domain-member" xlink:from="CashFlowsFromUsedInInvestingActivities" xlink:to="Repayments" order="130.0"/>
    <link:loc xlink:type="locator" xlink:href="fsa.xsd#fsa_InterestReceived" xlink:label="InterestReceived"/>
    <link:definitionArc xlink:type="arc" xlink:arcrole="http://xbrl.org/int/dim/arcrole/domain-member" xlink:from="CashFlowsFromUsedInInvestingActivities" xlink:to="InterestReceived" order="140.0"/>
    <link:loc xlink:type="locator" xlink:href="fsa.xsd#fsa_OtherCashFlowsFromUsedInInvestingActivities" xlink:label="OtherCashFlowsFromUsedInInvestingActivities"/>
    <link:definitionArc xlink:type="arc" xlink:arcrole="http://xbrl.org/int/dim/arcrole/domain-member" xlink:from="CashFlowsFromUsedInInvestingActivities" xlink:to="OtherCashFlowsFromUsedInInvestingActivities" order="170.0"/>
    <link:loc xlink:type="locator" xlink:href="fsa.xsd#fsa_SaleOfInvestments" xlink:label="SaleOfInvestments"/>
    <link:definitionArc xlink:type="arc" xlink:arcrole="http://xbrl.org/int/dim/arcrole/domain-member" xlink:from="CashFlowsFromUsedInInvestingActivities" xlink:to="SaleOfInvestments" order="60.0"/>
    <link:loc xlink:type="locator" xlink:href="fsa.xsd#fsa_ReceivedDividendsFromAssociates" xlink:label="ReceivedDividendsFromAssociates"/>
    <link:definitionArc xlink:type="arc" xlink:arcrole="http://xbrl.org/int/dim/arcrole/domain-member" xlink:from="CashFlowsFromUsedInInvestingActivities" xlink:to="ReceivedDividendsFromAssociates" order="120.0"/>
    <link:loc xlink:type="locator" xlink:href="fsa.xsd#fsa_PurchaseOfInvestments" xlink:label="PurchaseOfInvestments"/>
    <link:definitionArc xlink:type="arc" xlink:arcrole="http://xbrl.org/int/dim/arcrole/domain-member" xlink:from="CashFlowsFromUsedInInvestingActivities" xlink:to="PurchaseOfInvestments" order="50.0"/>
    <link:loc xlink:type="locator" xlink:href="fsa.xsd#fsa_AcquisitionOfCompaniesAndActivitiesCost" xlink:label="AcquisitionOfCompaniesAndActivitiesCost" xlink:title="AcquisitionOfCompaniesAndActivitiesCost"/>
    <link:definitionArc xlink:type="arc" xlink:arcrole="http://xbrl.org/int/dim/arcrole/domain-member" xlink:from="PurchaseOfInvestments" xlink:to="AcquisitionOfCompaniesAndActivitiesCost" xlink:title="definition: PurchaseOfInvestments to AcquisitionOfCompaniesAndActivitiesCost" use="optional" order="1.0"/>
    <link:loc xlink:type="locator" xlink:href="fsa.xsd#fsa_AcquisitionOfCompaniesAndActivitiesSpecification" xlink:label="AcquisitionOfCompaniesAndActivitiesSpecification" xlink:title="AcquisitionOfCompaniesAndActivitiesSpecification"/>
    <link:definitionArc xlink:type="arc" xlink:arcrole="http://xbrl.org/int/dim/arcrole/domain-member" xlink:from="AcquisitionOfCompaniesAndActivitiesCost" xlink:to="AcquisitionOfCompaniesAndActivitiesSpecification" xlink:title="definition: AcquisitionOfCompaniesAndActivitiesCost to AcquisitionOfCompaniesAndActivitiesSpecification" order="1.0"/>
    <link:loc xlink:type="locator" xlink:href="fsa.xsd#fsa_IntangibleAssetsFromAcquisitionOfCompaniesAndActivitiesCashflow" xlink:label="IntangibleAssetsFromAcquisitionOfCompaniesAndActivitiesCashflow" xlink:title="IntangibleAssetsFromAcquisitionOfCompaniesAndActivitiesCashflow"/>
    <link:definitionArc xlink:type="arc" xlink:arcrole="http://xbrl.org/int/dim/arcrole/domain-member" xlink:from="AcquisitionOfCompaniesAndActivitiesSpecification" xlink:to="IntangibleAssetsFromAcquisitionOfCompaniesAndActivitiesCashflow" xlink:title="definition: AcquisitionOfCompaniesAndActivitiesSpecification to IntangibleAssetsFromAcquisitionOfCompaniesAndActivitiesCashflow" order="1.0"/>
    <link:loc xlink:type="locator" xlink:href="fsa.xsd#fsa_PropertyPlantAndEquipmentFromAcquisitionOfCompaniesAndActivitiesCashflow" xlink:label="PropertyPlantAndEquipmentFromAcquisitionOfCompaniesAndActivitiesCashflow" xlink:title="PropertyPlantAndEquipmentFromAcquisitionOfCompaniesAndActivitiesCashflow"/>
    <link:definitionArc xlink:type="arc" xlink:arcrole="http://xbrl.org/int/dim/arcrole/domain-member" xlink:from="AcquisitionOfCompaniesAndActivitiesSpecification" xlink:to="PropertyPlantAndEquipmentFromAcquisitionOfCompaniesAndActivitiesCashflow" xlink:title="definition: AcquisitionOfCompaniesAndActivitiesSpecification to PropertyPlantAndEquipmentFromAcquisitionOfCompaniesAndActivitiesCashflow" use="optional" order="2.0"/>
    <link:loc xlink:type="locator" xlink:href="fsa.xsd#fsa_InventoriesFromAcquisitionOfCompaniesAndActivitiesCashflow" xlink:label="InventoriesFromAcquisitionOfCompaniesAndActivitiesCashflow" xlink:title="InventoriesFromAcquisitionOfCompaniesAndActivitiesCashflow"/>
    <link:definitionArc xlink:type="arc" xlink:arcrole="http://xbrl.org/int/dim/arcrole/domain-member" xlink:from="AcquisitionOfCompaniesAndActivitiesSpecification" xlink:to="InventoriesFromAcquisitionOfCompaniesAndActivitiesCashflow" xlink:title="definition: AcquisitionOfCompaniesAndActivitiesSpecification to InventoriesFromAcquisitionOfCompaniesAndActivitiesCashflow" order="3.0"/>
    <link:loc xlink:type="locator" xlink:href="fsa.xsd#fsa_ReceivablesClassifiedAsInvestmentsFromAcquisitionOfCompaniesAndActivitiesCashflow" xlink:label="ReceivablesClassifiedAsInvestmentsFromAcquisitionOfCompaniesAndActivitiesCashflow" xlink:title="ReceivablesClassifiedAsInvestmentsFromAcquisitionOfCompaniesAndActivitiesCashflow"/>
    <link:definitionArc xlink:type="arc" xlink:arcrole="http://xbrl.org/int/dim/arcrole/domain-member" xlink:from="AcquisitionOfCompaniesAndActivitiesSpecification" xlink:to="ReceivablesClassifiedAsInvestmentsFromAcquisitionOfCompaniesAndActivitiesCashflow" xlink:title="definition: AcquisitionOfCompaniesAndActivitiesSpecification to ReceivablesClassifiedAsInvestmentsFromAcquisitionOfCompaniesAndActivitiesCashflow" order="4.0"/>
    <link:loc xlink:type="locator" xlink:href="fsa.xsd#fsa_CashAndCashEquivalentsFromAcquisitionOfCompaniesAndActivitiesSpecificationCashflow" xlink:label="CashAndCashEquivalentsFromAcquisitionOfCompaniesAndActivitiesSpecificationCashflow" xlink:title="CashAndCashEquivalentsFromAcquisitionOfCompaniesAndActivitiesSpecificationCashflow"/>
    <link:definitionArc xlink:type="arc" xlink:arcrole="http://xbrl.org/int/dim/arcrole/domain-member" xlink:from="AcquisitionOfCompaniesAndActivitiesSpecification" xlink:to="CashAndCashEquivalentsFromAcquisitionOfCompaniesAndActivitiesSpecificationCashflow" xlink:title="definition: AcquisitionOfCompaniesAndActivitiesSpecification to CashAndCashEquivalentsFromAcquisitionOfCompaniesAndActivitiesSpecificationCashflow" order="5.0"/>
    <link:loc xlink:type="locator" xlink:href="fsa.xsd#fsa_DebtToBanksFromAcquisitionOfCompaniesAndActivitiesCashflow" xlink:label="DebtToBanksFromAcquisitionOfCompaniesAndActivitiesCashflow" xlink:title="DebtToBanksFromAcquisitionOfCompaniesAndActivitiesCashflow"/>
    <link:definitionArc xlink:type="arc" xlink:arcrole="http://xbrl.org/int/dim/arcrole/domain-member" xlink:from="AcquisitionOfCompaniesAndActivitiesSpecification" xlink:to="DebtToBanksFromAcquisitionOfCompaniesAndActivitiesCashflow" xlink:title="definition: AcquisitionOfCompaniesAndActivitiesSpecification to DebtToBanksFromAcquisitionOfCompaniesAndActivitiesCashflow" order="6.0"/>
    <link:loc xlink:type="locator" xlink:href="fsa.xsd#fsa_MortgageDebtFromAcquisitionOfCompaniesAndActivitiesCashflow" xlink:label="MortgageDebtFromAcquisitionOfCompaniesAndActivitiesCashflow" xlink:title="MortgageDebtFromAcquisitionOfCompaniesAndActivitiesCashflow"/>
    <link:definitionArc xlink:type="arc" xlink:arcrole="http://xbrl.org/int/dim/arcrole/domain-member" xlink:from="AcquisitionOfCompaniesAndActivitiesSpecification" xlink:to="MortgageDebtFromAcquisitionOfCompaniesAndActivitiesCashflow" xlink:title="definition: AcquisitionOfCompaniesAndActivitiesSpecification to MortgageDebtFromAcquisitionOfCompaniesAndActivitiesCashflow" order="7.0"/>
    <link:loc xlink:type="locator" xlink:href="fsa.xsd#fsa_DeferredTaxFromAcquisitionOfCompaniesAndActivitiesCashflow" xlink:label="DeferredTaxFromAcquisitionOfCompaniesAndActivitiesCashflow" xlink:title="DeferredTaxFromAcquisitionOfCompaniesAndActivitiesCashflow"/>
    <link:definitionArc xlink:type="arc" xlink:arcrole="http://xbrl.org/int/dim/arcrole/domain-member" xlink:from="AcquisitionOfCompaniesAndActivitiesSpecification" xlink:to="DeferredTaxFromAcquisitionOfCompaniesAndActivitiesCashflow" xlink:title="definition: AcquisitionOfCompaniesAndActivitiesSpecification to DeferredTaxFromAcquisitionOfCompaniesAndActivitiesCashflow" order="8.0"/>
    <link:loc xlink:type="locator" xlink:href="fsa.xsd#fsa_TradePayablesFromAcquisitionOfCompaniesAndActivitiesCashflow" xlink:label="TradePayablesFromAcquisitionOfCompaniesAndActivitiesCashflow" xlink:title="TradePayablesFromAcquisitionOfCompaniesAndActivitiesCashflow"/>
    <link:definitionArc xlink:type="arc" xlink:arcrole="http://xbrl.org/int/dim/arcrole/domain-member" xlink:from="AcquisitionOfCompaniesAndActivitiesSpecification" xlink:to="TradePayablesFromAcquisitionOfCompaniesAndActivitiesCashflow" xlink:title="definition: AcquisitionOfCompaniesAndActivitiesSpecification to TradePayablesFromAcquisitionOfCompaniesAndActivitiesCashflow" order="9.0"/>
    <link:loc xlink:type="locator" xlink:href="fsa.xsd#fsa_OtherPayablesFromAcquisitionOfCompaniesAndActivitiesCashflow" xlink:label="OtherPayablesFromAcquisitionOfCompaniesAndActivitiesCashflow" xlink:title="OtherPayablesFromAcquisitionOfCompaniesAndActivitiesCashflow"/>
    <link:definitionArc xlink:type="arc" xlink:arcrole="http://xbrl.org/int/dim/arcrole/domain-member" xlink:from="AcquisitionOfCompaniesAndActivitiesSpecification" xlink:to="OtherPayablesFromAcquisitionOfCompaniesAndActivitiesCashflow" xlink:title="definition: AcquisitionOfCompaniesAndActivitiesSpecification to OtherPayablesFromAcquisitionOfCompaniesAndActivitiesCashflow" order="10.0"/>
    <link:loc xlink:type="locator" xlink:href="fsa.xsd#fsa_RestructuringProvisionsFromAcquisitionOfCompaniesAndActivities" xlink:label="RestructuringProvisionsFromAcquisitionOfCompaniesAndActivities" xlink:title="RestructuringProvisionsFromAcquisitionOfCompaniesAndActivities"/>
    <link:definitionArc xlink:type="arc" xlink:arcrole="http://xbrl.org/int/dim/arcrole/domain-member" xlink:from="AcquisitionOfCompaniesAndActivitiesSpecification" xlink:to="RestructuringProvisionsFromAcquisitionOfCompaniesAndActivities" xlink:title="definition: AcquisitionOfCompaniesAndActivitiesSpecification to RestructuringProvisionsFromAcquisitionOfCompaniesAndActivities" order="11.0"/>
    <link:loc xlink:type="locator" xlink:href="fsa.xsd#fsa_CashAndCashEquivalentsFromAcquisitionOfCompaniesAndActivitiesCostCashflow" xlink:label="CashAndCashEquivalentsFromAcquisitionOfCompaniesAndActivitiesCostCashflow" xlink:title="CashAndCashEquivalentsFromAcquisitionOfCompaniesAndActivitiesCostCashflow"/>
    <link:definitionArc xlink:type="arc" xlink:arcrole="http://xbrl.org/int/dim/arcrole/domain-member" xlink:from="AcquisitionOfCompaniesAndActivitiesCost" xlink:to="CashAndCashEquivalentsFromAcquisitionOfCompaniesAndActivitiesCostCashflow" xlink:title="definition: AcquisitionOfCompaniesAndActivitiesCost to CashAndCashEquivalentsFromAcquisitionOfCompaniesAndActivitiesCostCashflow" order="2.0"/>
    <link:loc xlink:type="locator" xlink:href="fsa.xsd#fsa_GoodwillFromAcquisitionOfCompaniesAndActivitiesCashflow" xlink:label="GoodwillFromAcquisitionOfCompaniesAndActivitiesCashflow" xlink:title="GoodwillFromAcquisitionOfCompaniesAndActivitiesCashflow"/>
    <link:definitionArc xlink:type="arc" xlink:arcrole="http://xbrl.org/int/dim/arcrole/domain-member" xlink:from="AcquisitionOfCompaniesAndActivitiesCost" xlink:to="GoodwillFromAcquisitionOfCompaniesAndActivitiesCashflow" xlink:title="definition: AcquisitionOfCompaniesAndActivitiesCost to GoodwillFromAcquisitionOfCompaniesAndActivitiesCashflow" order="3.0"/>
    <link:loc xlink:type="locator" xlink:href="fsa.xsd#fsa_RemunerationAsTreasurySharesCashflow" xlink:label="RemunerationAsTreasurySharesCashflow" xlink:title="RemunerationAsTreasurySharesCashflow"/>
    <link:definitionArc xlink:type="arc" xlink:arcrole="http://xbrl.org/int/dim/arcrole/domain-member" xlink:from="PurchaseOfInvestments" xlink:to="RemunerationAsTreasurySharesCashflow" xlink:title="definition: PurchaseOfInvestments to RemunerationAsTreasurySharesCashflow" order="2.0"/>
    <link:loc xlink:type="locator" xlink:href="fsa.xsd#fsa_CashFlowsFromUsedInFinancingActivities" xlink:label="CashFlowsFromUsedInFinancingActivities"/>
    <link:loc xlink:type="locator" xlink:href="fsa.xsd#fsa_RepaymentsOfLongtermLiabilitiesClassifiedAsFinancingActivities" xlink:label="RepaymentsOfLongtermLiabilitiesClassifiedAsFinancingActivities"/>
    <link:definitionArc xlink:type="arc" xlink:arcrole="http://xbrl.org/int/dim/arcrole/domain-member" xlink:from="CashFlowsFromUsedInFinancingActivities" xlink:to="RepaymentsOfLongtermLiabilitiesClassifiedAsFinancingActivities" order="20.0"/>
    <link:loc xlink:type="locator" xlink:href="fsa.xsd#fsa_ProceedsFromLongtermLiabilitiesClassifiedAsFinancingActivities" xlink:label="ProceedsFromLongtermLiabilitiesClassifiedAsFinancingActivities"/>
    <link:definitionArc xlink:type="arc" xlink:arcrole="http://xbrl.org/int/dim/arcrole/domain-member" xlink:from="CashFlowsFromUsedInFinancingActivities" xlink:to="ProceedsFromLongtermLiabilitiesClassifiedAsFinancingActivities" order="10.0"/>
    <link:loc xlink:type="locator" xlink:href="fsa.xsd#fsa_DividendsPaidClassifiedAsFinancingActivities" xlink:label="DividendsPaidClassifiedAsFinancingActivities"/>
    <link:definitionArc xlink:type="arc" xlink:arcrole="http://xbrl.org/int/dim/arcrole/domain-member" xlink:from="CashFlowsFromUsedInFinancingActivities" xlink:to="DividendsPaidClassifiedAsFinancingActivities" order="170.0"/>
    <link:loc xlink:type="locator" xlink:href="fsa.xsd#fsa_OtherComponentsOfCashFlowsFromUsedInFinancingActivities" xlink:label="OtherComponentsOfCashFlowsFromUsedInFinancingActivities"/>
    <link:definitionArc xlink:type="arc" xlink:arcrole="http://xbrl.org/int/dim/arcrole/domain-member" xlink:from="CashFlowsFromUsedInFinancingActivities" xlink:to="OtherComponentsOfCashFlowsFromUsedInFinancingActivities" order="190.0"/>
    <link:loc xlink:type="locator" xlink:href="fsa.xsd#fsa_DetailsOnOtherComponentsOfCashFlowsFromUsedInFinancingActivitiesAbstract" xlink:label="DetailsOnOtherComponentsOfCashFlowsFromUsedInFinancingActivitiesAbstract"/>
    <link:definitionArc xlink:type="arc" xlink:arcrole="http://xbrl.org/int/dim/arcrole/domain-member" xlink:from="OtherComponentsOfCashFlowsFromUsedInFinancingActivities" xlink:to="DetailsOnOtherComponentsOfCashFlowsFromUsedInFinancingActivitiesAbstract" order="10.0" xbrldt:targetRole="http://xbrl.dcca.dk/role/600.00/CashFlowStatement/Details"/>
    <link:loc xlink:type="locator" xlink:href="fsa.xsd#fsa_PurchaseOfTreasurySharesCashFlow" xlink:label="PurchaseOfTreasurySharesCashFlow"/>
    <link:definitionArc xlink:type="arc" xlink:arcrole="http://xbrl.org/int/dim/arcrole/domain-member" xlink:from="CashFlowsFromUsedInFinancingActivities" xlink:to="PurchaseOfTreasurySharesCashFlow" order="130.0"/>
    <link:loc xlink:type="locator" xlink:href="fsa.xsd#fsa_SaleOfTreasuryShares" xlink:label="SaleOfTreasuryShares"/>
    <link:definitionArc xlink:type="arc" xlink:arcrole="http://xbrl.org/int/dim/arcrole/domain-member" xlink:from="CashFlowsFromUsedInFinancingActivities" xlink:to="SaleOfTreasuryShares" order="140.0"/>
    <link:loc xlink:type="locator" xlink:href="fsa.xsd#fsa_CashCapitalIncrease" xlink:label="CashCapitalIncrease"/>
    <link:definitionArc xlink:type="arc" xlink:arcrole="http://xbrl.org/int/dim/arcrole/domain-member" xlink:from="CashFlowsFromUsedInFinancingActivities" xlink:to="CashCapitalIncrease" order="150.0"/>
    <link:loc xlink:type="locator" xlink:href="fsa.xsd#fsa_CashCapitalReduction" xlink:label="CashCapitalReduction"/>
    <link:definitionArc xlink:type="arc" xlink:arcrole="http://xbrl.org/int/dim/arcrole/domain-member" xlink:from="CashFlowsFromUsedInFinancingActivities" xlink:to="CashCapitalReduction" order="160.0"/>
    <link:loc xlink:type="locator" xlink:href="fsa.xsd#fsa_OtherCashFlowsFromUsedInFinancingActivities" xlink:label="OtherCashFlowsFromUsedInFinancingActivities"/>
    <link:definitionArc xlink:type="arc" xlink:arcrole="http://xbrl.org/int/dim/arcrole/domain-member" xlink:from="CashFlowsFromUsedInFinancingActivities" xlink:to="OtherCashFlowsFromUsedInFinancingActivities" order="200.0"/>
    <link:loc xlink:type="locator" xlink:href="fsa.xsd#fsa_ReductionOfLeaseCommitments" xlink:label="ReductionOfLeaseCommitments"/>
    <link:definitionArc xlink:type="arc" xlink:arcrole="http://xbrl.org/int/dim/arcrole/domain-member" xlink:from="CashFlowsFromUsedInFinancingActivities" xlink:to="ReductionOfLeaseCommitments" order="40.0"/>
    <link:loc xlink:type="locator" xlink:href="fsa.xsd#fsa_RepaymentOfDebtToGroupEnterprises" xlink:label="RepaymentOfDebtToGroupEnterprises"/>
    <link:definitionArc xlink:type="arc" xlink:arcrole="http://xbrl.org/int/dim/arcrole/domain-member" xlink:from="CashFlowsFromUsedInFinancingActivities" xlink:to="RepaymentOfDebtToGroupEnterprises" order="50.0"/>
    <link:loc xlink:type="locator" xlink:href="fsa.xsd#fsa_RepaymentOfDebtToAssociates" xlink:label="RepaymentOfDebtToAssociates"/>
    <link:definitionArc xlink:type="arc" xlink:arcrole="http://xbrl.org/int/dim/arcrole/domain-member" xlink:from="CashFlowsFromUsedInFinancingActivities" xlink:to="RepaymentOfDebtToAssociates" order="60.0"/>
    <link:loc xlink:type="locator" xlink:href="fsa.xsd#fsa_RepaymentOfOtherLongtermPayables" xlink:label="RepaymentOfOtherLongtermPayables"/>
    <link:definitionArc xlink:type="arc" xlink:arcrole="http://xbrl.org/int/dim/arcrole/domain-member" xlink:from="CashFlowsFromUsedInFinancingActivities" xlink:to="RepaymentOfOtherLongtermPayables" order="70.0"/>
    <link:loc xlink:type="locator" xlink:href="fsa.xsd#fsa_RaisingOfDebtToCreditInstitutions" xlink:label="RaisingOfDebtToCreditInstitutions"/>
    <link:definitionArc xlink:type="arc" xlink:arcrole="http://xbrl.org/int/dim/arcrole/domain-member" xlink:from="CashFlowsFromUsedInFinancingActivities" xlink:to="RaisingOfDebtToCreditInstitutions" order="80.0"/>
    <link:loc xlink:type="locator" xlink:href="fsa.xsd#fsa_ConclusionOfLeaseObligations" xlink:label="ConclusionOfLeaseObligations"/>
    <link:definitionArc xlink:type="arc" xlink:arcrole="http://xbrl.org/int/dim/arcrole/domain-member" xlink:from="CashFlowsFromUsedInFinancingActivities" xlink:to="ConclusionOfLeaseObligations" order="90.0"/>
    <link:loc xlink:type="locator" xlink:href="fsa.xsd#fsa_RaisingOfDebtToGroupEnterprises" xlink:label="RaisingOfDebtToGroupEnterprises"/>
    <link:definitionArc xlink:type="arc" xlink:arcrole="http://xbrl.org/int/dim/arcrole/domain-member" xlink:from="CashFlowsFromUsedInFinancingActivities" xlink:to="RaisingOfDebtToGroupEnterprises" order="100.0"/>
    <link:loc xlink:type="locator" xlink:href="fsa.xsd#fsa_RaisingOfDebtToAssociates" xlink:label="RaisingOfDebtToAssociates"/>
    <link:definitionArc xlink:type="arc" xlink:arcrole="http://xbrl.org/int/dim/arcrole/domain-member" xlink:from="CashFlowsFromUsedInFinancingActivities" xlink:to="RaisingOfDebtToAssociates" order="110.0"/>
    <link:loc xlink:type="locator" xlink:href="fsa.xsd#fsa_RaisingOfLongtermDebt" xlink:label="RaisingOfLongtermDebt"/>
    <link:definitionArc xlink:type="arc" xlink:arcrole="http://xbrl.org/int/dim/arcrole/domain-member" xlink:from="CashFlowsFromUsedInFinancingActivities" xlink:to="RaisingOfLongtermDebt" order="120.0"/>
    <link:loc xlink:type="locator" xlink:href="fsa.xsd#fsa_DividendPaidCashFlow" xlink:label="DividendPaidCashFlow"/>
    <link:definitionArc xlink:type="arc" xlink:arcrole="http://xbrl.org/int/dim/arcrole/domain-member" xlink:from="CashFlowsFromUsedInFinancingActivities" xlink:to="DividendPaidCashFlow" order="180.0"/>
    <link:loc xlink:type="locator" xlink:href="fsa.xsd#fsa_RepaymentOfDebtToCreditInstitutions" xlink:label="RepaymentOfDebtToCreditInstitutions"/>
    <link:definitionArc xlink:type="arc" xlink:arcrole="http://xbrl.org/int/dim/arcrole/domain-member" xlink:from="CashFlowsFromUsedInFinancingActivities" xlink:to="RepaymentOfDebtToCreditInstitutions" order="30.0"/>
    <link:loc xlink:type="locator" xlink:href="fsa.xsd#fsa_RaisingOfMortgageDebt" xlink:label="RaisingOfMortgageDebt" xlink:title="RaisingOfMortgageDebt"/>
    <link:definitionArc xlink:type="arc" xlink:arcrole="http://xbrl.org/int/dim/arcrole/domain-member" xlink:from="CashFlowsFromUsedInFinancingActivities" xlink:to="RaisingOfMortgageDebt" xlink:title="definition: CashFlowsFromUsedInFinancingActivities to RaisingOfMortgageDebt" order="85.0"/>
    <link:loc xlink:type="locator" xlink:href="fsa.xsd#fsa_RepaymentOfMortgageDebt" xlink:label="RepaymentOfMortgageDebt" xlink:title="RepaymentOfMortgageDebt"/>
    <link:definitionArc xlink:type="arc" xlink:arcrole="http://xbrl.org/int/dim/arcrole/domain-member" xlink:from="CashFlowsFromUsedInFinancingActivities" xlink:to="RepaymentOfMortgageDebt" xlink:title="definition: CashFlowsFromUsedInFinancingActivities to RepaymentOfMortgageDebt" order="35.0"/>
    <link:loc xlink:type="locator" xlink:href="fsa.xsd#fsa_CashFlowsStatement" xlink:label="CashFlowsStatement"/>
    <link:definitionArc xlink:type="arc" xlink:arcrole="http://xbrl.org/int/dim/arcrole/domain-member" xlink:from="CashFlowsStatement" xlink:to="CashFlowsFromUsedInOperatingActivities" order="10.0"/>
    <link:definitionArc xlink:type="arc" xlink:arcrole="http://xbrl.org/int/dim/arcrole/domain-member" xlink:from="CashFlowsStatement" xlink:to="CashFlowsFromUsedInInvestingActivities" order="20.0"/>
    <link:definitionArc xlink:type="arc" xlink:arcrole="http://xbrl.org/int/dim/arcrole/domain-member" xlink:from="CashFlowsStatement" xlink:to="CashFlowsFromUsedInFinancingActivities" order="30.0"/>
    <link:loc xlink:type="locator" xlink:href="fsa.xsd#fsa_IncreaseDecreaseOfCashAndCashEquivalentsBeforeEffectOfExchangeRateChanges" xlink:label="IncreaseDecreaseOfCashAndCashEquivalentsBeforeEffectOfExchangeRateChanges"/>
    <link:definitionArc xlink:type="arc" xlink:arcrole="http://xbrl.org/int/dim/arcrole/domain-member" xlink:from="CashFlowsStatement" xlink:to="IncreaseDecreaseOfCashAndCashEquivalentsBeforeEffectOfExchangeRateChanges" order="40.0"/>
    <link:definitionArc xlink:type="arc" xlink:arcrole="http://xbrl.org/int/dim/arcrole/all" xlink:from="CashFlowsStatement" xlink:to="CommonHypercube" order="90.0" xbrldt:contextElement="scenario" xbrldt:closed="true"/>
    <link:loc xlink:type="locator" xlink:href="fsa.xsd#fsa_NetIncreaseDecreaseInCashAndCashEquivalents" xlink:label="NetIncreaseDecreaseInCashAndCashEquivalents"/>
    <link:definitionArc xlink:type="arc" xlink:arcrole="http://xbrl.org/int/dim/arcrole/domain-member" xlink:from="CashFlowsStatement" xlink:to="NetIncreaseDecreaseInCashAndCashEquivalents" order="50.0"/>
    <link:loc xlink:type="locator" xlink:href="fsa.xsd#fsa_ChangesInEquityOfTax" xlink:label="ChangesInEquityOfTax"/>
    <link:definitionArc xlink:type="arc" xlink:arcrole="http://xbrl.org/int/dim/arcrole/domain-member" xlink:from="CashFlowsStatement" xlink:to="ChangesInEquityOfTax" order="80.0"/>
    <link:loc xlink:type="locator" xlink:href="fsa.xsd#fsa_CashAndCashEquivalentsConcerningCashflowStatement" xlink:label="CashAndCashEquivalentsConcerningCashflowStatement"/>
    <link:definitionArc xlink:type="arc" xlink:arcrole="http://xbrl.org/int/dim/arcrole/domain-member" xlink:from="CashFlowsStatement" xlink:to="CashAndCashEquivalentsConcerningCashflowStatement" use="optional" order="60.0" tch:preferredLabel="http://www.xbrl.org/2003/role/periodStartLabel"/>
    <link:loc xlink:type="locator" xlink:href="fsa.xsd#fsa_CashAndCashEquivalentsConcerningCashflowStatement" xlink:label="CashAndCashEquivalentsConcerningCashflowStatement_2"/>
    <link:definitionArc xlink:type="arc" xlink:arcrole="http://xbrl.org/int/dim/arcrole/domain-member" xlink:from="CashFlowsStatement" xlink:to="CashAndCashEquivalentsConcerningCashflowStatement_2" use="optional" priority="1" order="70.0" tch:preferredLabel="http://www.xbrl.org/2003/role/periodEndLabel"/>
    <link:loc xlink:type="locator" xlink:href="fsa.xsd#fsa_CashAndCashEquivalents" xlink:label="CashAndCashEquivalents"/>
    <link:definitionArc xlink:type="arc" xlink:arcrole="http://xbrl.org/int/dim/arcrole/domain-member" xlink:from="CashAndCashEquivalentsConcerningCashflowStatement" xlink:to="CashAndCashEquivalents" order="10.0" tch:preferredLabel="http://www.xbrl.org/2003/role/periodStartLabel"/>
    <link:loc xlink:type="locator" xlink:href="fsa.xsd#fsa_CashAndCashEquivalents" xlink:label="CashAndCashEquivalents_2"/>
    <link:definitionArc xlink:type="arc" xlink:arcrole="http://xbrl.org/int/dim/arcrole/domain-member" xlink:from="CashAndCashEquivalentsConcerningCashflowStatement_2" xlink:to="CashAndCashEquivalents_2" order="20.0" tch:preferredLabel="http://www.xbrl.org/2003/role/periodEndLabel"/>
    <link:loc xlink:type="locator" xlink:href="fsa.xsd#fsa_SharesIncludedAsCashAndCashEquivalents" xlink:label="SharesIncludedAsCashAndCashEquivalents"/>
    <link:definitionArc xlink:type="arc" xlink:arcrole="http://xbrl.org/int/dim/arcrole/domain-member" xlink:from="CashAndCashEquivalentsConcerningCashflowStatement" xlink:to="SharesIncludedAsCashAndCashEquivalents" order="30.0" tch:preferredLabel="http://www.xbrl.org/2003/role/periodStartLabel"/>
    <link:loc xlink:type="locator" xlink:href="fsa.xsd#fsa_SharesIncludedAsCashAndCashEquivalents" xlink:label="SharesIncludedAsCashAndCashEquivalents_2"/>
    <link:definitionArc xlink:type="arc" xlink:arcrole="http://xbrl.org/int/dim/arcrole/domain-member" xlink:from="CashAndCashEquivalentsConcerningCashflowStatement_2" xlink:to="SharesIncludedAsCashAndCashEquivalents_2" order="40.0" tch:preferredLabel="http://www.xbrl.org/2003/role/periodEndLabel"/>
    <link:loc xlink:type="locator" xlink:href="fsa.xsd#fsa_ShorttermDebtToBanks" xlink:label="ShorttermDebtToBanks"/>
    <link:definitionArc xlink:type="arc" xlink:arcrole="http://xbrl.org/int/dim/arcrole/domain-member" xlink:from="CashAndCashEquivalentsConcerningCashflowStatement" xlink:to="ShorttermDebtToBanks" order="50.0" tch:preferredLabel="http://www.xbrl.org/2003/role/periodStartLabel"/>
    <link:loc xlink:type="locator" xlink:href="fsa.xsd#fsa_ShorttermDebtToBanks" xlink:label="ShorttermDebtToBanks_2"/>
    <link:definitionArc xlink:type="arc" xlink:arcrole="http://xbrl.org/int/dim/arcrole/domain-member" xlink:from="CashAndCashEquivalentsConcerningCashflowStatement_2" xlink:to="ShorttermDebtToBanks_2" order="60.0" tch:preferredLabel="http://www.xbrl.org/2003/role/periodEndLabel"/>
    <link:loc xlink:type="locator" xlink:href="fsa.xsd#fsa_ExchangeRateAdjustmentsCashAndCashEquivalents" xlink:label="ExchangeRateAdjustmentsCashAndCashEquivalents"/>
    <link:definitionArc xlink:type="arc" xlink:arcrole="http://xbrl.org/int/dim/arcrole/domain-member" xlink:from="CashAndCashEquivalentsConcerningCashflowStatement" xlink:to="ExchangeRateAdjustmentsCashAndCashEquivalents" order="70.0" tch:preferredLabel="http://www.xbrl.org/2003/role/periodStartLabel"/>
    <link:loc xlink:type="locator" xlink:href="fsa.xsd#fsa_ExchangeRateAdjustmentsCashAndCashEquivalents" xlink:label="ExchangeRateAdjustmentsCashAndCashEquivalents_2"/>
    <link:definitionArc xlink:type="arc" xlink:arcrole="http://xbrl.org/int/dim/arcrole/domain-member" xlink:from="CashAndCashEquivalentsConcerningCashflowStatement_2" xlink:to="ExchangeRateAdjustmentsCashAndCashEquivalents_2" order="80.0" tch:preferredLabel="http://www.xbrl.org/2003/role/periodEndLabel"/>
  </link:definitionLink>
  <link:definitionLink xlink:type="extended" xlink:role="http://xbrl.dcca.dk/role/600.00/CashFlowStatement/Details">
    <link:loc xlink:type="locator" xlink:href="fsa.xsd#fsa_DetailsOnOtherComponentsOfCashFlowsFromUsedInOperatingActivitiesAbstract" xlink:label="DetailsOnOtherComponentsOfCashFlowsFromUsedInOperatingActivitiesAbstract"/>
    <link:loc xlink:type="locator" xlink:href="fsa.xsd#fsa_DetailsOnOtherComponentsOfCashFlowsFromUsedInOperatingActivitiesHypercube" xlink:label="DetailsOnOtherComponentsOfCashFlowsFromUsedInOperatingActivitiesHypercube"/>
    <link:definitionArc xlink:type="arc" xlink:arcrole="http://xbrl.org/int/dim/arcrole/all" xlink:from="DetailsOnOtherComponentsOfCashFlowsFromUsedInOperatingActivitiesAbstract" xlink:to="DetailsOnOtherComponentsOfCashFlowsFromUsedInOperatingActivitiesHypercube" order="10.0" xbrldt:contextElement="scenario" xbrldt:closed="true" xbrldt:targetRole="http://xbrl.dcca.dk/role/600.01/Hypercube/CashFlowStatement/DetailsOnOtherComponentsOfCashFlowsFromUsedInOperatingActivities"/>
    <link:loc xlink:type="locator" xlink:href="fsa.xsd#fsa_NameOfComponentOfCashFlowsFromUsedInOperatingActivities" xlink:label="NameOfComponentOfCashFlowsFromUsedInOperatingActivities"/>
    <link:definitionArc xlink:type="arc" xlink:arcrole="http://xbrl.org/int/dim/arcrole/domain-member" xlink:from="DetailsOnOtherComponentsOfCashFlowsFromUsedInOperatingActivitiesAbstract" xlink:to="NameOfComponentOfCashFlowsFromUsedInOperatingActivities" order="20.0"/>
    <link:loc xlink:type="locator" xlink:href="fsa.xsd#fsa_AmountOfComponentOfCashFlowsFromUsedInOperatingActivities" xlink:label="AmountOfComponentOfCashFlowsFromUsedInOperatingActivities"/>
    <link:definitionArc xlink:type="arc" xlink:arcrole="http://xbrl.org/int/dim/arcrole/domain-member" xlink:from="DetailsOnOtherComponentsOfCashFlowsFromUsedInOperatingActivitiesAbstract" xlink:to="AmountOfComponentOfCashFlowsFromUsedInOperatingActivities" order="30.0"/>
    <link:loc xlink:type="locator" xlink:href="fsa.xsd#fsa_DetailsOnOtherComponentsOfCashFlowsFromUsedInInvestingActivitiesAbstract" xlink:label="DetailsOnOtherComponentsOfCashFlowsFromUsedInInvestingActivitiesAbstract"/>
    <link:loc xlink:type="locator" xlink:href="fsa.xsd#fsa_DetailsOnOtherComponentsOfCashFlowsFromUsedInInvestingActivitiesHypercube" xlink:label="DetailsOnOtherComponentsOfCashFlowsFromUsedInInvestingActivitiesHypercube"/>
    <link:definitionArc xlink:type="arc" xlink:arcrole="http://xbrl.org/int/dim/arcrole/all" xlink:from="DetailsOnOtherComponentsOfCashFlowsFromUsedInInvestingActivitiesAbstract" xlink:to="DetailsOnOtherComponentsOfCashFlowsFromUsedInInvestingActivitiesHypercube" order="10.0" xbrldt:contextElement="scenario" xbrldt:closed="true" xbrldt:targetRole="http://xbrl.dcca.dk/role/600.02/Hypercube/CashFlowStatement/DetailsOnOtherComponentsOfCashFlowsFromUsedInInvestingActivities"/>
    <link:loc xlink:type="locator" xlink:href="fsa.xsd#fsa_NameOfComponentOfCashFlowsFromUsedInInvestingActivities" xlink:label="NameOfComponentOfCashFlowsFromUsedInInvestingActivities"/>
    <link:definitionArc xlink:type="arc" xlink:arcrole="http://xbrl.org/int/dim/arcrole/domain-member" xlink:from="DetailsOnOtherComponentsOfCashFlowsFromUsedInInvestingActivitiesAbstract" xlink:to="NameOfComponentOfCashFlowsFromUsedInInvestingActivities" order="20.0"/>
    <link:loc xlink:type="locator" xlink:href="fsa.xsd#fsa_AmountOfComponentOfCashFlowsFromUsedInInvestingActivities" xlink:label="AmountOfComponentOfCashFlowsFromUsedInInvestingActivities"/>
    <link:definitionArc xlink:type="arc" xlink:arcrole="http://xbrl.org/int/dim/arcrole/domain-member" xlink:from="DetailsOnOtherComponentsOfCashFlowsFromUsedInInvestingActivitiesAbstract" xlink:to="AmountOfComponentOfCashFlowsFromUsedInInvestingActivities" order="30.0"/>
    <link:loc xlink:type="locator" xlink:href="fsa.xsd#fsa_DetailsOnOtherComponentsOfCashFlowsFromUsedInFinancingActivitiesAbstract" xlink:label="DetailsOnOtherComponentsOfCashFlowsFromUsedInFinancingActivitiesAbstract"/>
    <link:loc xlink:type="locator" xlink:href="fsa.xsd#fsa_DetailsOnOtherComponentsOfCashFlowsFromUsedInFinancingActivitiesHypercube" xlink:label="DetailsOnOtherComponentsOfCashFlowsFromUsedInFinancingActivitiesHypercube"/>
    <link:definitionArc xlink:type="arc" xlink:arcrole="http://xbrl.org/int/dim/arcrole/all" xlink:from="DetailsOnOtherComponentsOfCashFlowsFromUsedInFinancingActivitiesAbstract" xlink:to="DetailsOnOtherComponentsOfCashFlowsFromUsedInFinancingActivitiesHypercube" order="10.0" xbrldt:contextElement="scenario" xbrldt:closed="true" xbrldt:targetRole="http://xbrl.dcca.dk/role/600.03/Hypercube/CashFlowStatement/DetailsOnOtherComponentsOfCashFlowsFromUsedInFinancingActivities"/>
    <link:loc xlink:type="locator" xlink:href="fsa.xsd#fsa_NameOfComponentOfCashFlowsFromUsedInFinancingActivities" xlink:label="NameOfComponentOfCashFlowsFromUsedInFinancingActivities"/>
    <link:definitionArc xlink:type="arc" xlink:arcrole="http://xbrl.org/int/dim/arcrole/domain-member" xlink:from="DetailsOnOtherComponentsOfCashFlowsFromUsedInFinancingActivitiesAbstract" xlink:to="NameOfComponentOfCashFlowsFromUsedInFinancingActivities" order="20.0"/>
    <link:loc xlink:type="locator" xlink:href="fsa.xsd#fsa_AmountOfComponentOfCashFlowsFromUsedInFinancingActivities" xlink:label="AmountOfComponentOfCashFlowsFromUsedInFinancingActivities"/>
    <link:definitionArc xlink:type="arc" xlink:arcrole="http://xbrl.org/int/dim/arcrole/domain-member" xlink:from="DetailsOnOtherComponentsOfCashFlowsFromUsedInFinancingActivitiesAbstract" xlink:to="AmountOfComponentOfCashFlowsFromUsedInFinancingActivities" order="30.0"/>
  </link:definitionLink>
  <link:definitionLink xlink:type="extended" xlink:role="http://xbrl.dcca.dk/role/600.01/Hypercube/CashFlowStatement/DetailsOnOtherComponentsOfCashFlowsFromUsedInOperatingActivities">
    <link:loc xlink:type="locator" xlink:href="fsa.xsd#fsa_DetailsOnOtherComponentsOfCashFlowsFromUsedInOperatingActivitiesHypercube" xlink:label="DetailsOnOtherComponentsOfCashFlowsFromUsedInOperatingActivitiesHypercube"/>
    <link:loc xlink:type="locator" xlink:href="fsa.xsd#fsa_IdentificationOfComponentOfCashFlowsFromUsedInOperatingActivitiesDimension" xlink:label="IdentificationOfComponentOfCashFlowsFromUsedInOperatingActivitiesDimension"/>
    <link:definitionArc xlink:type="arc" xlink:arcrole="http://xbrl.org/int/dim/arcrole/hypercube-dimension" xlink:from="DetailsOnOtherComponentsOfCashFlowsFromUsedInOperatingActivitiesHypercube" xlink:to="IdentificationOfComponentOfCashFlowsFromUsedInOperatingActivitiesDimension" order="10.0"/>
    <link:loc xlink:type="locator" xlink:href="../cmn.xsd#cmn_ConsolidatedSoloDimension" xlink:label="ConsolidatedSoloDimension"/>
    <link:definitionArc xlink:type="arc" xlink:arcrole="http://xbrl.org/int/dim/arcrole/hypercube-dimension" xlink:from="DetailsOnOtherComponentsOfCashFlowsFromUsedInOperatingActivitiesHypercube" xlink:to="ConsolidatedSoloDimension" order="20.0" xbrldt:targetRole="http://xbrl.dcca.dk/role/901.01/DimensionConsolidatedSolo"/>
  </link:definitionLink>
  <link:definitionLink xlink:type="extended" xlink:role="http://xbrl.dcca.dk/role/600.02/Hypercube/CashFlowStatement/DetailsOnOtherComponentsOfCashFlowsFromUsedInInvestingActivities">
    <link:loc xlink:type="locator" xlink:href="fsa.xsd#fsa_DetailsOnOtherComponentsOfCashFlowsFromUsedInInvestingActivitiesHypercube" xlink:label="DetailsOnOtherComponentsOfCashFlowsFromUsedInInvestingActivitiesHypercube"/>
    <link:loc xlink:type="locator" xlink:href="fsa.xsd#fsa_IdentificationOfComponentOfCashFlowsFromUsedInInvestingActivitiesDimension" xlink:label="IdentificationOfComponentOfCashFlowsFromUsedInInvestingActivitiesDimension"/>
    <link:definitionArc xlink:type="arc" xlink:arcrole="http://xbrl.org/int/dim/arcrole/hypercube-dimension" xlink:from="DetailsOnOtherComponentsOfCashFlowsFromUsedInInvestingActivitiesHypercube" xlink:to="IdentificationOfComponentOfCashFlowsFromUsedInInvestingActivitiesDimension" order="10.0"/>
    <link:loc xlink:type="locator" xlink:href="../cmn.xsd#cmn_ConsolidatedSoloDimension" xlink:label="ConsolidatedSoloDimension"/>
    <link:definitionArc xlink:type="arc" xlink:arcrole="http://xbrl.org/int/dim/arcrole/hypercube-dimension" xlink:from="DetailsOnOtherComponentsOfCashFlowsFromUsedInInvestingActivitiesHypercube" xlink:to="ConsolidatedSoloDimension" order="20.0" xbrldt:targetRole="http://xbrl.dcca.dk/role/901.01/DimensionConsolidatedSolo"/>
  </link:definitionLink>
  <link:definitionLink xlink:type="extended" xlink:role="http://xbrl.dcca.dk/role/600.03/Hypercube/CashFlowStatement/DetailsOnOtherComponentsOfCashFlowsFromUsedInFinancingActivities">
    <link:loc xlink:type="locator" xlink:href="fsa.xsd#fsa_DetailsOnOtherComponentsOfCashFlowsFromUsedInFinancingActivitiesHypercube" xlink:label="DetailsOnOtherComponentsOfCashFlowsFromUsedInFinancingActivitiesHypercube"/>
    <link:loc xlink:type="locator" xlink:href="fsa.xsd#fsa_IdentificationOfComponentOfCashFlowsFromUsedInFinancingActivitiesDimension" xlink:label="IdentificationOfComponentOfCashFlowsFromUsedInFinancingActivitiesDimension"/>
    <link:definitionArc xlink:type="arc" xlink:arcrole="http://xbrl.org/int/dim/arcrole/hypercube-dimension" xlink:from="DetailsOnOtherComponentsOfCashFlowsFromUsedInFinancingActivitiesHypercube" xlink:to="IdentificationOfComponentOfCashFlowsFromUsedInFinancingActivitiesDimension" order="10.0"/>
    <link:loc xlink:type="locator" xlink:href="../cmn.xsd#cmn_ConsolidatedSoloDimension" xlink:label="ConsolidatedSoloDimension"/>
    <link:definitionArc xlink:type="arc" xlink:arcrole="http://xbrl.org/int/dim/arcrole/hypercube-dimension" xlink:from="DetailsOnOtherComponentsOfCashFlowsFromUsedInFinancingActivitiesHypercube" xlink:to="ConsolidatedSoloDimension" order="20.0" xbrldt:targetRole="http://xbrl.dcca.dk/role/901.01/DimensionConsolidatedSolo"/>
  </link:definitionLink>
</link:linkbase>
