<?xml version="1.0" encoding="UTF-8"?>
<!-- Generated by Fujitsu Interstage XWand B0209 -->
<?officialURI http://archprod.service.eogs.dk/taxonomy/20140701/tax/002tax_pre.xml?>

<?taxonomy-version 1.5.0?>

<link:linkbase xmlns:xsi="http://www.w3.org/2001/XMLSchema-instance" xsi:schemaLocation="http://www.xbrl.org/2003/linkbase http://www.xbrl.org/2003/xbrl-linkbase-2003-12-31.xsd" xmlns:link="http://www.xbrl.org/2003/linkbase" xmlns:xbrli="http://www.xbrl.org/2003/instance" xmlns:xlink="http://www.w3.org/1999/xlink">
  <link:roleRef roleURI="http://xbrl.dcca.dk/role/002.00/InformationForDanishTaxAuthority" xlink:type="simple" xlink:href="tax.xsd#tax_RoleInformationForDanishTaxAuthority"/>
  <link:presentationLink xlink:type="extended" xlink:role="http://xbrl.dcca.dk/role/002.00/InformationForDanishTaxAuthority">
    <link:loc xlink:type="locator" xlink:href="../cmn.xsd#cmn_CommonHypercube" xlink:label="CommonHypercube"/>
    <link:loc xlink:type="locator" xlink:href="../cmn.xsd#cmn_ConsolidatedSoloDimension" xlink:label="ConsolidatedSoloDimension"/>
    <link:presentationArc xlink:type="arc" xlink:arcrole="http://www.xbrl.org/2003/arcrole/parent-child" xlink:from="CommonHypercube" xlink:to="ConsolidatedSoloDimension" order="10.0"/>
    <link:loc xlink:type="locator" xlink:href="../cmn.xsd#cmn_ConsolidatedMember" xlink:label="ConsolidatedMember"/>
    <link:presentationArc xlink:type="arc" xlink:arcrole="http://www.xbrl.org/2003/arcrole/parent-child" xlink:from="ConsolidatedSoloDimension" xlink:to="ConsolidatedMember" order="10.0"/>
    <link:loc xlink:type="locator" xlink:href="../cmn.xsd#cmn_SoloMember" xlink:label="SoloMember"/>
    <link:presentationArc xlink:type="arc" xlink:arcrole="http://www.xbrl.org/2003/arcrole/parent-child" xlink:from="ConsolidatedSoloDimension" xlink:to="SoloMember" order="20.0"/>
    <link:loc xlink:type="locator" xlink:href="../gsd/gsd.xsd#gsd_InformationOnSubmissionReportAndReportingEntityAbstract" xlink:label="InformationOnSubmissionReportAndReportingEntityAbstract" xlink:title="InformationOnSubmissionReportAndReportingEntityAbstract"/>
    <link:loc xlink:type="locator" xlink:href="../gsd/gsd.xsd#gsd_InformationOnTypeOfSubmittedReport" xlink:label="InformationOnTypeOfSubmittedReport" xlink:title="InformationOnTypeOfSubmittedReport"/>
    <link:presentationArc xlink:type="arc" xlink:arcrole="http://www.xbrl.org/2003/arcrole/parent-child" xlink:from="InformationOnSubmissionReportAndReportingEntityAbstract" xlink:to="InformationOnTypeOfSubmittedReport" xlink:title="presentation: InformationOnSubmissionReportAndReportingEntityAbstract to InformationOnTypeOfSubmittedReport" order="1.0"/>
    <link:loc xlink:type="locator" xlink:href="../gsd/gsd.xsd#gsd_InformationOnEnterpriseSubmittingReportAbstract" xlink:label="InformationOnEnterpriseSubmittingReportAbstract" xlink:title="InformationOnEnterpriseSubmittingReportAbstract"/>
    <link:presentationArc xlink:type="arc" xlink:arcrole="http://www.xbrl.org/2003/arcrole/parent-child" xlink:from="InformationOnSubmissionReportAndReportingEntityAbstract" xlink:to="InformationOnEnterpriseSubmittingReportAbstract" xlink:title="presentation: InformationOnSubmissionReportAndReportingEntityAbstract to InformationOnEnterpriseSubmittingReportAbstract" order="3.0"/>
    <link:loc xlink:type="locator" xlink:href="../gsd/gsd.xsd#gsd_IdentificationNumberCvrOfSubmittingEnterprise" xlink:label="IdentificationNumberCvrOfSubmittingEnterprise" xlink:title="IdentificationNumberCvrOfSubmittingEnterprise"/>
    <link:presentationArc xlink:type="arc" xlink:arcrole="http://www.xbrl.org/2003/arcrole/parent-child" xlink:from="InformationOnEnterpriseSubmittingReportAbstract" xlink:to="IdentificationNumberCvrOfSubmittingEnterprise" xlink:title="presentation: InformationOnEnterpriseSubmittingReportAbstract to IdentificationNumberCvrOfSubmittingEnterprise" order="1.0"/>
    <link:loc xlink:type="locator" xlink:href="../gsd/gsd.xsd#gsd_NameOfSubmittingEnterprise" xlink:label="NameOfSubmittingEnterprise" xlink:title="NameOfSubmittingEnterprise"/>
    <link:presentationArc xlink:type="arc" xlink:arcrole="http://www.xbrl.org/2003/arcrole/parent-child" xlink:from="InformationOnEnterpriseSubmittingReportAbstract" xlink:to="NameOfSubmittingEnterprise" xlink:title="presentation: InformationOnEnterpriseSubmittingReportAbstract to NameOfSubmittingEnterprise" order="2.0"/>
    <link:loc xlink:type="locator" xlink:href="../gsd/gsd.xsd#gsd_AddressOfSubmittingEnterpriseStreetAndNumber" xlink:label="AddressOfSubmittingEnterpriseStreetAndNumber" xlink:title="AddressOfSubmittingEnterpriseStreetAndNumber"/>
    <link:presentationArc xlink:type="arc" xlink:arcrole="http://www.xbrl.org/2003/arcrole/parent-child" xlink:from="InformationOnEnterpriseSubmittingReportAbstract" xlink:to="AddressOfSubmittingEnterpriseStreetAndNumber" xlink:title="presentation: InformationOnEnterpriseSubmittingReportAbstract to AddressOfSubmittingEnterpriseStreetAndNumber" order="3.0"/>
    <link:loc xlink:type="locator" xlink:href="../gsd/gsd.xsd#gsd_AddressOfSubmittingEnterprisePostcodeAndTown" xlink:label="AddressOfSubmittingEnterprisePostcodeAndTown" xlink:title="AddressOfSubmittingEnterprisePostcodeAndTown"/>
    <link:presentationArc xlink:type="arc" xlink:arcrole="http://www.xbrl.org/2003/arcrole/parent-child" xlink:from="InformationOnEnterpriseSubmittingReportAbstract" xlink:to="AddressOfSubmittingEnterprisePostcodeAndTown" xlink:title="presentation: InformationOnEnterpriseSubmittingReportAbstract to AddressOfSubmittingEnterprisePostcodeAndTown" order="4.0"/>
    <link:loc xlink:type="locator" xlink:href="../gsd/gsd.xsd#gsd_InformationOnReportingEntityAbstract" xlink:label="InformationOnReportingEntityAbstract" xlink:title="InformationOnReportingEntityAbstract"/>
    <link:presentationArc xlink:type="arc" xlink:arcrole="http://www.xbrl.org/2003/arcrole/parent-child" xlink:from="InformationOnSubmissionReportAndReportingEntityAbstract" xlink:to="InformationOnReportingEntityAbstract" xlink:title="presentation: InformationOnSubmissionReportAndReportingEntityAbstract to InformationOnReportingEntityAbstract" order="2.0"/>
    <link:loc xlink:type="locator" xlink:href="../gsd/gsd.xsd#gsd_IdentificationNumberCvrOfReportingEntity" xlink:label="IdentificationNumberCvrOfReportingEntity"/>
    <link:presentationArc xlink:type="arc" xlink:arcrole="http://www.xbrl.org/2003/arcrole/parent-child" xlink:from="InformationOnReportingEntityAbstract" xlink:to="IdentificationNumberCvrOfReportingEntity" xlink:title="presentation: InformationOnReportingEntityAbstract to IdentificationNumberCvrOfReportingEntity" order="1.0"/>
    <link:loc xlink:type="locator" xlink:href="../gsd/gsd.xsd#gsd_NameOfReportingEntity" xlink:label="NameOfReportingEntity" xlink:title="NameOfReportingEntity"/>
    <link:presentationArc xlink:type="arc" xlink:arcrole="http://www.xbrl.org/2003/arcrole/parent-child" xlink:from="InformationOnReportingEntityAbstract" xlink:to="NameOfReportingEntity" xlink:title="presentation: InformationOnReportingEntityAbstract to NameOfReportingEntity" order="2.0"/>
    <link:loc xlink:type="locator" xlink:href="../gsd/gsd.xsd#gsd_ReportingPeriodEndDate" xlink:label="ReportingPeriodEndDate" xlink:title="ReportingPeriodEndDate"/>
    <link:presentationArc xlink:type="arc" xlink:arcrole="http://www.xbrl.org/2003/arcrole/parent-child" xlink:from="InformationOnSubmissionReportAndReportingEntityAbstract" xlink:to="ReportingPeriodEndDate" xlink:title="presentation: InformationOnSubmissionReportAndReportingEntityAbstract to ReportingPeriodEndDate" order="5.0"/>
    <link:loc xlink:type="locator" xlink:href="../gsd/gsd.xsd#gsd_ReportingPeriodStartDate" xlink:label="ReportingPeriodStartDate" xlink:title="ReportingPeriodStartDate"/>
    <link:presentationArc xlink:type="arc" xlink:arcrole="http://www.xbrl.org/2003/arcrole/parent-child" xlink:from="InformationOnSubmissionReportAndReportingEntityAbstract" xlink:to="ReportingPeriodStartDate" xlink:title="presentation: InformationOnSubmissionReportAndReportingEntityAbstract to ReportingPeriodStartDate" order="4.0"/>
    <link:loc xlink:type="locator" xlink:href="tax.xsd#tax_InformationForDanishTaxAuthorityAbstract" xlink:label="InformationForDanishTaxAuthorityAbstract"/>
    <link:presentationArc xlink:type="arc" xlink:arcrole="http://www.xbrl.org/2003/arcrole/parent-child" xlink:from="InformationForDanishTaxAuthorityAbstract" xlink:to="CommonHypercube" order="10.0"/>
    <link:loc xlink:type="locator" xlink:href="../fsa/fsa.xsd#fsa_Revenue" xlink:label="Revenue"/>
    <link:presentationArc xlink:type="arc" xlink:arcrole="http://www.xbrl.org/2003/arcrole/parent-child" xlink:from="InformationForDanishTaxAuthorityAbstract" xlink:to="Revenue" use="optional" order="20.0"/>
    <link:loc xlink:type="locator" xlink:href="../fsa/fsa.xsd#fsa_CostOfSales" xlink:label="CostOfSales"/>
    <link:presentationArc xlink:type="arc" xlink:arcrole="http://www.xbrl.org/2003/arcrole/parent-child" xlink:from="InformationForDanishTaxAuthorityAbstract" xlink:to="CostOfSales" use="optional" order="30.0"/>
    <link:loc xlink:type="locator" xlink:href="../fsa/fsa.xsd#fsa_DepreciationAmortisationExpenseAndImpairmentLossesOfPropertyPlantAndEquipmentAndIntangibleAssetsRecognisedInProfitOrLoss" xlink:label="DepreciationAmortisationExpenseAndImpairmentLossesOfPropertyPlantAndEquipmentAndIntangibleAssetsRecognisedInProfitOrLoss"/>
    <link:presentationArc xlink:type="arc" xlink:arcrole="http://www.xbrl.org/2003/arcrole/parent-child" xlink:from="InformationForDanishTaxAuthorityAbstract" xlink:to="DepreciationAmortisationExpenseAndImpairmentLossesOfPropertyPlantAndEquipmentAndIntangibleAssetsRecognisedInProfitOrLoss" use="optional" order="40.0"/>
    <link:loc xlink:type="locator" xlink:href="../fsa/fsa.xsd#fsa_ProfitLossFromOrdinaryOperatingActivities" xlink:label="ProfitLossFromOrdinaryOperatingActivities"/>
    <link:presentationArc xlink:type="arc" xlink:arcrole="http://www.xbrl.org/2003/arcrole/parent-child" xlink:from="InformationForDanishTaxAuthorityAbstract" xlink:to="ProfitLossFromOrdinaryOperatingActivities" use="optional" order="50.0"/>
    <link:loc xlink:type="locator" xlink:href="../fsa/fsa.xsd#fsa_ProfitLossFromOrdinaryActivitiesBeforeTax" xlink:label="ProfitLossFromOrdinaryActivitiesBeforeTax"/>
    <link:presentationArc xlink:type="arc" xlink:arcrole="http://www.xbrl.org/2003/arcrole/parent-child" xlink:from="InformationForDanishTaxAuthorityAbstract" xlink:to="ProfitLossFromOrdinaryActivitiesBeforeTax" use="optional" order="60.0"/>
    <link:loc xlink:type="locator" xlink:href="../fsa/fsa.xsd#fsa_Inventories" xlink:label="Inventories"/>
    <link:presentationArc xlink:type="arc" xlink:arcrole="http://www.xbrl.org/2003/arcrole/parent-child" xlink:from="InformationForDanishTaxAuthorityAbstract" xlink:to="Inventories" use="optional" order="70.0"/>
    <link:loc xlink:type="locator" xlink:href="../fsa/fsa.xsd#fsa_NoncurrentAssets" xlink:label="NoncurrentAssets"/>
    <link:presentationArc xlink:type="arc" xlink:arcrole="http://www.xbrl.org/2003/arcrole/parent-child" xlink:from="InformationForDanishTaxAuthorityAbstract" xlink:to="NoncurrentAssets" use="optional" order="80.0"/>
    <link:loc xlink:type="locator" xlink:href="../fsa/fsa.xsd#fsa_Equity" xlink:label="Equity"/>
    <link:presentationArc xlink:type="arc" xlink:arcrole="http://www.xbrl.org/2003/arcrole/parent-child" xlink:from="InformationForDanishTaxAuthorityAbstract" xlink:to="Equity" use="optional" order="90.0"/>
    <link:loc xlink:type="locator" xlink:href="../fsa/fsa.xsd#fsa_Assets" xlink:label="Assets"/>
    <link:presentationArc xlink:type="arc" xlink:arcrole="http://www.xbrl.org/2003/arcrole/parent-child" xlink:from="InformationForDanishTaxAuthorityAbstract" xlink:to="Assets" use="optional" order="100.0"/>
    <link:presentationArc xlink:type="arc" xlink:arcrole="http://www.xbrl.org/2003/arcrole/parent-child" xlink:from="InformationForDanishTaxAuthorityAbstract" xlink:to="IdentificationNumberCvrOfReportingEntity" use="optional" order="110.0"/>
    <link:loc xlink:type="locator" xlink:href="tax.xsd#tax_FiscalYear" xlink:label="FiscalYear"/>
    <link:presentationArc xlink:type="arc" xlink:arcrole="http://www.xbrl.org/2003/arcrole/parent-child" xlink:from="InformationForDanishTaxAuthorityAbstract" xlink:to="FiscalYear" order="120.0"/>
    <link:loc xlink:type="locator" xlink:href="tax.xsd#tax_FilingDate" xlink:label="FilingDate"/>
    <link:presentationArc xlink:type="arc" xlink:arcrole="http://www.xbrl.org/2003/arcrole/parent-child" xlink:from="InformationForDanishTaxAuthorityAbstract" xlink:to="FilingDate" order="130.0"/>
    <link:loc xlink:type="locator" xlink:href="tax.xsd#tax_FilledInTaxableIncome" xlink:label="FilledInTaxableIncome"/>
    <link:presentationArc xlink:type="arc" xlink:arcrole="http://www.xbrl.org/2003/arcrole/parent-child" xlink:from="InformationForDanishTaxAuthorityAbstract" xlink:to="FilledInTaxableIncome" order="140.0"/>
    <link:loc xlink:type="locator" xlink:href="tax.xsd#tax_TaxLossesCarriedForward" xlink:label="TaxLossesCarriedForward"/>
    <link:presentationArc xlink:type="arc" xlink:arcrole="http://www.xbrl.org/2003/arcrole/parent-child" xlink:from="InformationForDanishTaxAuthorityAbstract" xlink:to="TaxLossesCarriedForward" order="150.0"/>
    <link:loc xlink:type="locator" xlink:href="tax.xsd#tax_DeficitBalanceToOffsettingInFutureTaxableIncome" xlink:label="DeficitBalanceToOffsettingInFutureTaxableIncome"/>
    <link:presentationArc xlink:type="arc" xlink:arcrole="http://www.xbrl.org/2003/arcrole/parent-child" xlink:from="InformationForDanishTaxAuthorityAbstract" xlink:to="DeficitBalanceToOffsettingInFutureTaxableIncome" order="160.0"/>
    <link:loc xlink:type="locator" xlink:href="tax.xsd#tax_LossBalanceSalesOfShares" xlink:label="LossBalanceSalesOfShares"/>
    <link:presentationArc xlink:type="arc" xlink:arcrole="http://www.xbrl.org/2003/arcrole/parent-child" xlink:from="InformationForDanishTaxAuthorityAbstract" xlink:to="LossBalanceSalesOfShares" order="170.0"/>
    <link:loc xlink:type="locator" xlink:href="tax.xsd#tax_LossBalanceSalesOfProperty" xlink:label="LossBalanceSalesOfProperty"/>
    <link:presentationArc xlink:type="arc" xlink:arcrole="http://www.xbrl.org/2003/arcrole/parent-child" xlink:from="InformationForDanishTaxAuthorityAbstract" xlink:to="LossBalanceSalesOfProperty" order="180.0"/>
    <link:loc xlink:type="locator" xlink:href="tax.xsd#tax_LossBalancePriceAdjustment" xlink:label="LossBalancePriceAdjustment"/>
    <link:presentationArc xlink:type="arc" xlink:arcrole="http://www.xbrl.org/2003/arcrole/parent-child" xlink:from="InformationForDanishTaxAuthorityAbstract" xlink:to="LossBalancePriceAdjustment" order="190.0"/>
    <link:loc xlink:type="locator" xlink:href="tax.xsd#tax_BalanceForRecapturedTaxationAccordingToCorporateTaxAct" xlink:label="BalanceForRecapturedTaxationAccordingToCorporateTaxAct"/>
    <link:presentationArc xlink:type="arc" xlink:arcrole="http://www.xbrl.org/2003/arcrole/parent-child" xlink:from="InformationForDanishTaxAuthorityAbstract" xlink:to="BalanceForRecapturedTaxationAccordingToCorporateTaxAct" order="200.0"/>
    <link:loc xlink:type="locator" xlink:href="tax.xsd#tax_BalanceForRecapturedTaxationAccordingToOtherAct" xlink:label="BalanceForRecapturedTaxationAccordingToOtherAct"/>
    <link:presentationArc xlink:type="arc" xlink:arcrole="http://www.xbrl.org/2003/arcrole/parent-child" xlink:from="InformationForDanishTaxAuthorityAbstract" xlink:to="BalanceForRecapturedTaxationAccordingToOtherAct" order="210.0"/>
    <link:loc xlink:type="locator" xlink:href="tax.xsd#tax_AcquiredDanishDividendGrossBeforeRetentionOfDividendTax" xlink:label="AcquiredDanishDividendGrossBeforeRetentionOfDividendTax"/>
    <link:presentationArc xlink:type="arc" xlink:arcrole="http://www.xbrl.org/2003/arcrole/parent-child" xlink:from="InformationForDanishTaxAuthorityAbstract" xlink:to="AcquiredDanishDividendGrossBeforeRetentionOfDividendTax" order="220.0"/>
    <link:loc xlink:type="locator" xlink:href="tax.xsd#tax_AcquiredDanishGrossyieldWithRetentionOfDidvidendTax27PercentInIncomeYear" xlink:label="AcquiredDanishGrossyieldWithRetentionOfDidvidendTax27PercentInIncomeYear"/>
    <link:presentationArc xlink:type="arc" xlink:arcrole="http://www.xbrl.org/2003/arcrole/parent-child" xlink:from="InformationForDanishTaxAuthorityAbstract" xlink:to="AcquiredDanishGrossyieldWithRetentionOfDidvidendTax27PercentInIncomeYear" order="250.0"/>
    <link:loc xlink:type="locator" xlink:href="tax.xsd#tax_AcquiredForeignDividendGrossBeforeRetentionOfDividendTax" xlink:label="AcquiredForeignDividendGrossBeforeRetentionOfDividendTax"/>
    <link:presentationArc xlink:type="arc" xlink:arcrole="http://www.xbrl.org/2003/arcrole/parent-child" xlink:from="InformationForDanishTaxAuthorityAbstract" xlink:to="AcquiredForeignDividendGrossBeforeRetentionOfDividendTax" order="270.0"/>
    <link:loc xlink:type="locator" xlink:href="tax.xsd#tax_TaxReduction" xlink:label="TaxReduction"/>
    <link:presentationArc xlink:type="arc" xlink:arcrole="http://www.xbrl.org/2003/arcrole/parent-child" xlink:from="InformationForDanishTaxAuthorityAbstract" xlink:to="TaxReduction" order="280.0"/>
    <link:loc xlink:type="locator" xlink:href="tax.xsd#tax_TaxpayersClassSubjectToControlledTransactions" xlink:label="TaxpayersClassSubjectToControlledTransactions"/>
    <link:presentationArc xlink:type="arc" xlink:arcrole="http://www.xbrl.org/2003/arcrole/parent-child" xlink:from="InformationForDanishTaxAuthorityAbstract" xlink:to="TaxpayersClassSubjectToControlledTransactions" order="290.0"/>
    <link:loc xlink:type="locator" xlink:href="tax.xsd#tax_ControlledTransactionsExceed5MioDkk" xlink:label="ControlledTransactionsExceed5MioDkk"/>
    <link:presentationArc xlink:type="arc" xlink:arcrole="http://www.xbrl.org/2003/arcrole/parent-child" xlink:from="InformationForDanishTaxAuthorityAbstract" xlink:to="ControlledTransactionsExceed5MioDkk" order="300.0"/>
    <link:loc xlink:type="locator" xlink:href="tax.xsd#tax_ControlledDebtsExceedRatioOfForeignCapitalAndEquity4to1" xlink:label="ControlledDebtsExceedRatioOfForeignCapitalAndEquity4to1"/>
    <link:presentationArc xlink:type="arc" xlink:arcrole="http://www.xbrl.org/2003/arcrole/parent-child" xlink:from="InformationForDanishTaxAuthorityAbstract" xlink:to="ControlledDebtsExceedRatioOfForeignCapitalAndEquity4to1" order="310.0"/>
    <link:loc xlink:type="locator" xlink:href="tax.xsd#tax_DistributedResultBasedOnIncomeFromPreviousPeriodIncludingExtraordinaryDividend" xlink:label="DistributedResultBasedOnIncomeFromPreviousPeriodIncludingExtraordinaryDividend"/>
    <link:presentationArc xlink:type="arc" xlink:arcrole="http://www.xbrl.org/2003/arcrole/parent-child" xlink:from="InformationForDanishTaxAuthorityAbstract" xlink:to="DistributedResultBasedOnIncomeFromPreviousPeriodIncludingExtraordinaryDividend" order="320.0"/>
    <link:loc xlink:type="locator" xlink:href="tax.xsd#tax_ResultOnTreasurySharesBasedOnIncomePreviousPeriodIncludingExtraordinaryDividendTreasuryShares" xlink:label="ResultOnTreasurySharesBasedOnIncomePreviousPeriodIncludingExtraordinaryDividendTreasuryShares"/>
    <link:presentationArc xlink:type="arc" xlink:arcrole="http://www.xbrl.org/2003/arcrole/parent-child" xlink:from="DistributedResultBasedOnIncomeFromPreviousPeriodIncludingExtraordinaryDividend" xlink:to="ResultOnTreasurySharesBasedOnIncomePreviousPeriodIncludingExtraordinaryDividendTreasuryShares" use="optional" order="10.0"/>
    <link:loc xlink:type="locator" xlink:href="tax.xsd#tax_ExemptionFromAdditionalAccountingInformation" xlink:label="ExemptionFromAdditionalAccountingInformation"/>
    <link:presentationArc xlink:type="arc" xlink:arcrole="http://www.xbrl.org/2003/arcrole/parent-child" xlink:from="InformationForDanishTaxAuthorityAbstract" xlink:to="ExemptionFromAdditionalAccountingInformation" order="330.0"/>
    <link:loc xlink:type="locator" xlink:href="tax.xsd#tax_ReasonForExemptionFromAdditionalAccountingInformation" xlink:label="ReasonForExemptionFromAdditionalAccountingInformation"/>
    <link:presentationArc xlink:type="arc" xlink:arcrole="http://www.xbrl.org/2003/arcrole/parent-child" xlink:from="ExemptionFromAdditionalAccountingInformation" xlink:to="ReasonForExemptionFromAdditionalAccountingInformation" use="optional" order="10.0"/>
    <link:loc xlink:type="locator" xlink:href="tax.xsd#tax_TypeOfAuditorAssistance" xlink:label="TypeOfAuditorAssistance"/>
    <link:presentationArc xlink:type="arc" xlink:arcrole="http://www.xbrl.org/2003/arcrole/parent-child" xlink:from="InformationForDanishTaxAuthorityAbstract" xlink:to="TypeOfAuditorAssistance" order="340.0"/>
    <link:loc xlink:type="locator" xlink:href="tax.xsd#tax_AuditorsReportProvidedForAnnualReport" xlink:label="AuditorsReportProvidedForAnnualReport"/>
    <link:presentationArc xlink:type="arc" xlink:arcrole="http://www.xbrl.org/2003/arcrole/parent-child" xlink:from="InformationForDanishTaxAuthorityAbstract" xlink:to="AuditorsReportProvidedForAnnualReport" order="350.0"/>
    <link:loc xlink:type="locator" xlink:href="tax.xsd#tax_CoverageOfAuditorsReport" xlink:label="CoverageOfAuditorsReport"/>
    <link:presentationArc xlink:type="arc" xlink:arcrole="http://www.xbrl.org/2003/arcrole/parent-child" xlink:from="InformationForDanishTaxAuthorityAbstract" xlink:to="CoverageOfAuditorsReport" order="360.0"/>
    <link:loc xlink:type="locator" xlink:href="tax.xsd#tax_AuditorsReportContainsReservationsOrAdditionalInformation" xlink:label="AuditorsReportContainsReservationsOrAdditionalInformation"/>
    <link:presentationArc xlink:type="arc" xlink:arcrole="http://www.xbrl.org/2003/arcrole/parent-child" xlink:from="InformationForDanishTaxAuthorityAbstract" xlink:to="AuditorsReportContainsReservationsOrAdditionalInformation" order="370.0"/>
    <link:loc xlink:type="locator" xlink:href="tax.xsd#tax_ContentOfReservationsOrAdditionalInformationInAuditorsReportAbstract" xlink:label="ContentOfReservationsOrAdditionalInformationInAuditorsReportAbstract"/>
    <link:presentationArc xlink:type="arc" xlink:arcrole="http://www.xbrl.org/2003/arcrole/parent-child" xlink:from="InformationForDanishTaxAuthorityAbstract" xlink:to="ContentOfReservationsOrAdditionalInformationInAuditorsReportAbstract" order="380.0"/>
    <link:loc xlink:type="locator" xlink:href="tax.xsd#tax_ComplianceWithTaxLegislation" xlink:label="ComplianceWithTaxLegislation"/>
    <link:presentationArc xlink:type="arc" xlink:arcrole="http://www.xbrl.org/2003/arcrole/parent-child" xlink:from="ContentOfReservationsOrAdditionalInformationInAuditorsReportAbstract" xlink:to="ComplianceWithTaxLegislation" order="10.0"/>
    <link:loc xlink:type="locator" xlink:href="tax.xsd#tax_ComplianceWithCompanyLaw" xlink:label="ComplianceWithCompanyLaw"/>
    <link:presentationArc xlink:type="arc" xlink:arcrole="http://www.xbrl.org/2003/arcrole/parent-child" xlink:from="ContentOfReservationsOrAdditionalInformationInAuditorsReportAbstract" xlink:to="ComplianceWithCompanyLaw" order="20.0"/>
    <link:loc xlink:type="locator" xlink:href="tax.xsd#tax_ComplianceWithAccountingLegislation" xlink:label="ComplianceWithAccountingLegislation"/>
    <link:presentationArc xlink:type="arc" xlink:arcrole="http://www.xbrl.org/2003/arcrole/parent-child" xlink:from="ContentOfReservationsOrAdditionalInformationInAuditorsReportAbstract" xlink:to="ComplianceWithAccountingLegislation" order="30.0"/>
    <link:loc xlink:type="locator" xlink:href="tax.xsd#tax_OtherContent" xlink:label="OtherContent"/>
    <link:presentationArc xlink:type="arc" xlink:arcrole="http://www.xbrl.org/2003/arcrole/parent-child" xlink:from="ContentOfReservationsOrAdditionalInformationInAuditorsReportAbstract" xlink:to="OtherContent" order="40.0"/>
    <link:loc xlink:type="locator" xlink:href="tax.xsd#tax_TaxableIncomeCalculatedWithAssistanceOfAuditor" xlink:label="TaxableIncomeCalculatedWithAssistanceOfAuditor"/>
    <link:presentationArc xlink:type="arc" xlink:arcrole="http://www.xbrl.org/2003/arcrole/parent-child" xlink:from="InformationForDanishTaxAuthorityAbstract" xlink:to="TaxableIncomeCalculatedWithAssistanceOfAuditor" order="390.0"/>
    <link:loc xlink:type="locator" xlink:href="tax.xsd#tax_TaxExpenses" xlink:label="TaxExpenses"/>
    <link:presentationArc xlink:type="arc" xlink:arcrole="http://www.xbrl.org/2003/arcrole/parent-child" xlink:from="InformationForDanishTaxAuthorityAbstract" xlink:to="TaxExpenses" order="400.0"/>
    <link:loc xlink:type="locator" xlink:href="tax.xsd#tax_TaxExpensesNominator" xlink:label="TaxExpensesNominator"/>
    <link:presentationArc xlink:type="arc" xlink:arcrole="http://www.xbrl.org/2003/arcrole/parent-child" xlink:from="TaxExpenses" xlink:to="TaxExpensesNominator" order="10.0"/>
    <link:loc xlink:type="locator" xlink:href="tax.xsd#tax_NetInflowOfTangibleAndIntangibleAssetsAtPurchasePrice" xlink:label="NetInflowOfTangibleAndIntangibleAssetsAtPurchasePrice"/>
    <link:presentationArc xlink:type="arc" xlink:arcrole="http://www.xbrl.org/2003/arcrole/parent-child" xlink:from="InformationForDanishTaxAuthorityAbstract" xlink:to="NetInflowOfTangibleAndIntangibleAssetsAtPurchasePrice" order="410.0"/>
    <link:loc xlink:type="locator" xlink:href="tax.xsd#tax_NetRedemptionsOfTangibleAndIntangibleAssetsAtSellingPrice" xlink:label="NetRedemptionsOfTangibleAndIntangibleAssetsAtSellingPrice"/>
    <link:presentationArc xlink:type="arc" xlink:arcrole="http://www.xbrl.org/2003/arcrole/parent-child" xlink:from="InformationForDanishTaxAuthorityAbstract" xlink:to="NetRedemptionsOfTangibleAndIntangibleAssetsAtSellingPrice" order="420.0"/>
    <link:loc xlink:type="locator" xlink:href="tax.xsd#tax_ChangesOccurredToAccountingPoliciesOrMeasurementBasis" xlink:label="ChangesOccurredToAccountingPoliciesOrMeasurementBasis"/>
    <link:presentationArc xlink:type="arc" xlink:arcrole="http://www.xbrl.org/2003/arcrole/parent-child" xlink:from="InformationForDanishTaxAuthorityAbstract" xlink:to="ChangesOccurredToAccountingPoliciesOrMeasurementBasis" order="430.0"/>
    <link:loc xlink:type="locator" xlink:href="tax.xsd#tax_CertainReversedNontaxableRevenues" xlink:label="CertainReversedNontaxableRevenues"/>
    <link:presentationArc xlink:type="arc" xlink:arcrole="http://www.xbrl.org/2003/arcrole/parent-child" xlink:from="InformationForDanishTaxAuthorityAbstract" xlink:to="CertainReversedNontaxableRevenues" order="440.0"/>
    <link:loc xlink:type="locator" xlink:href="tax.xsd#tax_CertainReversedNondeductibleExpenses" xlink:label="CertainReversedNondeductibleExpenses"/>
    <link:presentationArc xlink:type="arc" xlink:arcrole="http://www.xbrl.org/2003/arcrole/parent-child" xlink:from="InformationForDanishTaxAuthorityAbstract" xlink:to="CertainReversedNondeductibleExpenses" order="450.0"/>
    <link:loc xlink:type="locator" xlink:href="tax.xsd#tax_TaxLossOnSalesOfIntangibleAssets" xlink:label="TaxLossOnSalesOfIntangibleAssets"/>
    <link:presentationArc xlink:type="arc" xlink:arcrole="http://www.xbrl.org/2003/arcrole/parent-child" xlink:from="InformationForDanishTaxAuthorityAbstract" xlink:to="TaxLossOnSalesOfIntangibleAssets" order="460.0"/>
    <link:loc xlink:type="locator" xlink:href="tax.xsd#tax_FiscalGains" xlink:label="FiscalGains"/>
    <link:presentationArc xlink:type="arc" xlink:arcrole="http://www.xbrl.org/2003/arcrole/parent-child" xlink:from="InformationForDanishTaxAuthorityAbstract" xlink:to="FiscalGains" order="470.0"/>
    <link:loc xlink:type="locator" xlink:href="tax.xsd#tax_TaxGainsOnSalesOfShares" xlink:label="TaxGainsOnSalesOfShares"/>
    <link:presentationArc xlink:type="arc" xlink:arcrole="http://www.xbrl.org/2003/arcrole/parent-child" xlink:from="FiscalGains" xlink:to="TaxGainsOnSalesOfShares" use="optional" order="10.0"/>
    <link:loc xlink:type="locator" xlink:href="tax.xsd#tax_TaxGainsOnSalesOfRealEstate" xlink:label="TaxGainsOnSalesOfRealEstate"/>
    <link:presentationArc xlink:type="arc" xlink:arcrole="http://www.xbrl.org/2003/arcrole/parent-child" xlink:from="FiscalGains" xlink:to="TaxGainsOnSalesOfRealEstate" use="optional" order="20.0"/>
    <link:loc xlink:type="locator" xlink:href="tax.xsd#tax_TaxGainsOnSalesOfIntangibleAssets" xlink:label="TaxGainsOnSalesOfIntangibleAssets"/>
    <link:presentationArc xlink:type="arc" xlink:arcrole="http://www.xbrl.org/2003/arcrole/parent-child" xlink:from="FiscalGains" xlink:to="TaxGainsOnSalesOfIntangibleAssets" use="optional" order="30.0"/>
    <link:loc xlink:type="locator" xlink:href="tax.xsd#tax_RealEstateWriteoffDueToDemolition" xlink:label="RealEstateWriteoffDueToDemolition"/>
    <link:presentationArc xlink:type="arc" xlink:arcrole="http://www.xbrl.org/2003/arcrole/parent-child" xlink:from="InformationForDanishTaxAuthorityAbstract" xlink:to="RealEstateWriteoffDueToDemolition" order="480.0"/>
    <link:loc xlink:type="locator" xlink:href="tax.xsd#tax_RealEstateFiscalWriteoff" xlink:label="RealEstateFiscalWriteoff"/>
    <link:presentationArc xlink:type="arc" xlink:arcrole="http://www.xbrl.org/2003/arcrole/parent-child" xlink:from="InformationForDanishTaxAuthorityAbstract" xlink:to="RealEstateFiscalWriteoff" order="490.0"/>
    <link:loc xlink:type="locator" xlink:href="tax.xsd#tax_RealEstateRegainedFiscalWriteoff" xlink:label="RealEstateRegainedFiscalWriteoff"/>
    <link:presentationArc xlink:type="arc" xlink:arcrole="http://www.xbrl.org/2003/arcrole/parent-child" xlink:from="InformationForDanishTaxAuthorityAbstract" xlink:to="RealEstateRegainedFiscalWriteoff" order="500.0"/>
    <link:loc xlink:type="locator" xlink:href="tax.xsd#tax_DurableGoodsFiscalWriteoff" xlink:label="DurableGoodsFiscalWriteoff"/>
    <link:presentationArc xlink:type="arc" xlink:arcrole="http://www.xbrl.org/2003/arcrole/parent-child" xlink:from="InformationForDanishTaxAuthorityAbstract" xlink:to="DurableGoodsFiscalWriteoff" order="510.0"/>
    <link:loc xlink:type="locator" xlink:href="tax.xsd#tax_MinorDurableGoodsImmediateWriteoff" xlink:label="MinorDurableGoodsImmediateWriteoff"/>
    <link:presentationArc xlink:type="arc" xlink:arcrole="http://www.xbrl.org/2003/arcrole/parent-child" xlink:from="InformationForDanishTaxAuthorityAbstract" xlink:to="MinorDurableGoodsImmediateWriteoff" order="520.0"/>
    <link:loc xlink:type="locator" xlink:href="tax.xsd#tax_IntangibleAssetsFiscalWriteoff" xlink:label="IntangibleAssetsFiscalWriteoff"/>
    <link:presentationArc xlink:type="arc" xlink:arcrole="http://www.xbrl.org/2003/arcrole/parent-child" xlink:from="InformationForDanishTaxAuthorityAbstract" xlink:to="IntangibleAssetsFiscalWriteoff" order="530.0"/>
    <link:loc xlink:type="locator" xlink:href="../cmn.xsd#cmn_OrdinaryWriteoffsInRespectOfDebtors" xlink:label="OrdinaryWriteoffsInRespectOfDebtors"/>
    <link:presentationArc xlink:type="arc" xlink:arcrole="http://www.xbrl.org/2003/arcrole/parent-child" xlink:from="InformationForDanishTaxAuthorityAbstract" xlink:to="OrdinaryWriteoffsInRespectOfDebtors" order="540.0"/>
    <link:loc xlink:type="locator" xlink:href="tax.xsd#tax_WritedownOfInventoryDueToUnsaleability" xlink:label="WritedownOfInventoryDueToUnsaleability"/>
    <link:presentationArc xlink:type="arc" xlink:arcrole="http://www.xbrl.org/2003/arcrole/parent-child" xlink:from="InformationForDanishTaxAuthorityAbstract" xlink:to="WritedownOfInventoryDueToUnsaleability" order="550.0"/>
    <link:loc xlink:type="locator" xlink:href="tax.xsd#tax_DeductedProvisions" xlink:label="DeductedProvisions"/>
    <link:presentationArc xlink:type="arc" xlink:arcrole="http://www.xbrl.org/2003/arcrole/parent-child" xlink:from="InformationForDanishTaxAuthorityAbstract" xlink:to="DeductedProvisions" order="560.0"/>
    <link:loc xlink:type="locator" xlink:href="tax.xsd#tax_ProfitLossOnRedemptionOfCashLoansBasedOnUnderlyingBonds" xlink:label="ProfitLossOnRedemptionOfCashLoansBasedOnUnderlyingBonds"/>
    <link:presentationArc xlink:type="arc" xlink:arcrole="http://www.xbrl.org/2003/arcrole/parent-child" xlink:from="InformationForDanishTaxAuthorityAbstract" xlink:to="ProfitLossOnRedemptionOfCashLoansBasedOnUnderlyingBonds" order="570.0"/>
    <link:loc xlink:type="locator" xlink:href="tax.xsd#tax_ProfitLossOnRedemptionOfCashLoansBasedOnUnderlyingBondsNominator" xlink:label="ProfitLossOnRedemptionOfCashLoansBasedOnUnderlyingBondsNominator"/>
    <link:presentationArc xlink:type="arc" xlink:arcrole="http://www.xbrl.org/2003/arcrole/parent-child" xlink:from="ProfitLossOnRedemptionOfCashLoansBasedOnUnderlyingBonds" xlink:to="ProfitLossOnRedemptionOfCashLoansBasedOnUnderlyingBondsNominator" order="10.0"/>
    <link:loc xlink:type="locator" xlink:href="tax.xsd#tax_ObtainedChordOrDebtRelief" xlink:label="ObtainedChordOrDebtRelief"/>
    <link:presentationArc xlink:type="arc" xlink:arcrole="http://www.xbrl.org/2003/arcrole/parent-child" xlink:from="InformationForDanishTaxAuthorityAbstract" xlink:to="ObtainedChordOrDebtRelief" order="580.0"/>
    <link:loc xlink:type="locator" xlink:href="tax.xsd#tax_TaxLiableOrTaxExemptedRestructuringOrSaleOrAcquisitionOfOtherCompany" xlink:label="TaxLiableOrTaxExemptedRestructuringOrSaleOrAcquisitionOfOtherCompany"/>
    <link:presentationArc xlink:type="arc" xlink:arcrole="http://www.xbrl.org/2003/arcrole/parent-child" xlink:from="InformationForDanishTaxAuthorityAbstract" xlink:to="TaxLiableOrTaxExemptedRestructuringOrSaleOrAcquisitionOfOtherCompany" order="590.0"/>
    <link:loc xlink:type="locator" xlink:href="tax.xsd#tax_TaxExemptedRestructuringWithoutPermission" xlink:label="TaxExemptedRestructuringWithoutPermission"/>
    <link:presentationArc xlink:type="arc" xlink:arcrole="http://www.xbrl.org/2003/arcrole/parent-child" xlink:from="InformationForDanishTaxAuthorityAbstract" xlink:to="TaxExemptedRestructuringWithoutPermission" order="600.0"/>
    <link:loc xlink:type="locator" xlink:href="tax.xsd#tax_SaleOrAcquisitionOfIntangibleAssets" xlink:label="SaleOrAcquisitionOfIntangibleAssets"/>
    <link:presentationArc xlink:type="arc" xlink:arcrole="http://www.xbrl.org/2003/arcrole/parent-child" xlink:from="InformationForDanishTaxAuthorityAbstract" xlink:to="SaleOrAcquisitionOfIntangibleAssets" use="optional" order="610.0"/>
    <link:loc xlink:type="locator" xlink:href="tax.xsd#tax_FoundationsSpecificFieldsAbstract" xlink:label="FoundationsSpecificFieldsAbstract"/>
    <link:presentationArc xlink:type="arc" xlink:arcrole="http://www.xbrl.org/2003/arcrole/parent-child" xlink:from="InformationForDanishTaxAuthorityAbstract" xlink:to="FoundationsSpecificFieldsAbstract" order="620.0"/>
    <link:loc xlink:type="locator" xlink:href="tax.xsd#tax_GiftsForEstablishingFoundationWithPreferencesToCertainFamilies" xlink:label="GiftsForEstablishingFoundationWithPreferencesToCertainFamilies"/>
    <link:presentationArc xlink:type="arc" xlink:arcrole="http://www.xbrl.org/2003/arcrole/parent-child" xlink:from="FoundationsSpecificFieldsAbstract" xlink:to="GiftsForEstablishingFoundationWithPreferencesToCertainFamilies" use="optional" order="10.0"/>
    <link:loc xlink:type="locator" xlink:href="tax.xsd#tax_DeductionForDistributionsToCharitablePurposesNotBasedOnPreviousPeriodsProvisionsOrReserves" xlink:label="DeductionForDistributionsToCharitablePurposesNotBasedOnPreviousPeriodsProvisionsOrReserves"/>
    <link:presentationArc xlink:type="arc" xlink:arcrole="http://www.xbrl.org/2003/arcrole/parent-child" xlink:from="FoundationsSpecificFieldsAbstract" xlink:to="DeductionForDistributionsToCharitablePurposesNotBasedOnPreviousPeriodsProvisionsOrReserves" use="optional" order="20.0"/>
    <link:loc xlink:type="locator" xlink:href="tax.xsd#tax_DeductionForDistributionsToNoncharitablePurposes" xlink:label="DeductionForDistributionsToNoncharitablePurposes"/>
    <link:presentationArc xlink:type="arc" xlink:arcrole="http://www.xbrl.org/2003/arcrole/parent-child" xlink:from="FoundationsSpecificFieldsAbstract" xlink:to="DeductionForDistributionsToNoncharitablePurposes" use="optional" order="30.0"/>
    <link:loc xlink:type="locator" xlink:href="tax.xsd#tax_DeductionForProvisionsToCharitablePurposes" xlink:label="DeductionForProvisionsToCharitablePurposes"/>
    <link:presentationArc xlink:type="arc" xlink:arcrole="http://www.xbrl.org/2003/arcrole/parent-child" xlink:from="FoundationsSpecificFieldsAbstract" xlink:to="DeductionForProvisionsToCharitablePurposes" use="optional" order="40.0"/>
    <link:loc xlink:type="locator" xlink:href="tax.xsd#tax_ProvisioningFromEarlierYearsThatHasNotBeenUsedOrAssesedOpeningBalanceMinusUseOfThatYear" xlink:label="ProvisioningFromEarlierYearsThatHasNotBeenUsedOrAssesedOpeningBalanceMinusUseOfThatYear"/>
    <link:presentationArc xlink:type="arc" xlink:arcrole="http://www.xbrl.org/2003/arcrole/parent-child" xlink:from="FoundationsSpecificFieldsAbstract" xlink:to="ProvisioningFromEarlierYearsThatHasNotBeenUsedOrAssesedOpeningBalanceMinusUseOfThatYear" use="optional" order="50.0"/>
    <link:loc xlink:type="locator" xlink:href="tax.xsd#tax_UsedForCharitablePurposesInYearOfIncome" xlink:label="UsedForCharitablePurposesInYearOfIncome"/>
    <link:presentationArc xlink:type="arc" xlink:arcrole="http://www.xbrl.org/2003/arcrole/parent-child" xlink:from="FoundationsSpecificFieldsAbstract" xlink:to="UsedForCharitablePurposesInYearOfIncome" use="optional" order="60.0"/>
    <link:loc xlink:type="locator" xlink:href="tax.xsd#tax_UsedForOtherPurposes" xlink:label="UsedForOtherPurposes"/>
    <link:presentationArc xlink:type="arc" xlink:arcrole="http://www.xbrl.org/2003/arcrole/parent-child" xlink:from="FoundationsSpecificFieldsAbstract" xlink:to="UsedForOtherPurposes" use="optional" order="70.0"/>
    <link:loc xlink:type="locator" xlink:href="tax.xsd#tax_AdditionalAssessmentOfUnusedProvisioning" xlink:label="AdditionalAssessmentOfUnusedProvisioning"/>
    <link:presentationArc xlink:type="arc" xlink:arcrole="http://www.xbrl.org/2003/arcrole/parent-child" xlink:from="FoundationsSpecificFieldsAbstract" xlink:to="AdditionalAssessmentOfUnusedProvisioning" use="optional" order="80.0"/>
    <link:loc xlink:type="locator" xlink:href="tax.xsd#tax_UsedForOtherPurposesWhichIsSubjectToAdditionalAssessment" xlink:label="UsedForOtherPurposesWhichIsSubjectToAdditionalAssessment"/>
    <link:presentationArc xlink:type="arc" xlink:arcrole="http://www.xbrl.org/2003/arcrole/parent-child" xlink:from="FoundationsSpecificFieldsAbstract" xlink:to="UsedForOtherPurposesWhichIsSubjectToAdditionalAssessment" use="optional" order="90.0"/>
    <link:loc xlink:type="locator" xlink:href="tax.xsd#tax_UsedForCharitablePurposes" xlink:label="UsedForCharitablePurposes"/>
    <link:presentationArc xlink:type="arc" xlink:arcrole="http://www.xbrl.org/2003/arcrole/parent-child" xlink:from="FoundationsSpecificFieldsAbstract" xlink:to="UsedForCharitablePurposes" use="optional" order="100.0"/>
    <link:loc xlink:type="locator" xlink:href="tax.xsd#tax_LimitationsOfNetFinancingExpenses" xlink:label="LimitationsOfNetFinancingExpenses"/>
    <link:presentationArc xlink:type="arc" xlink:arcrole="http://www.xbrl.org/2003/arcrole/parent-child" xlink:from="InformationForDanishTaxAuthorityAbstract" xlink:to="LimitationsOfNetFinancingExpenses" order="312.0"/>
    <link:loc xlink:type="locator" xlink:href="tax.xsd#tax_NetFinancingExpenses" xlink:label="NetFinancingExpenses"/>
    <link:presentationArc xlink:type="arc" xlink:arcrole="http://www.xbrl.org/2003/arcrole/parent-child" xlink:from="InformationForDanishTaxAuthorityAbstract" xlink:to="NetFinancingExpenses" order="314.0"/>
    <link:loc xlink:type="locator" xlink:href="tax.xsd#tax_TaxBaseOfCompanyAssets" xlink:label="TaxBaseOfCompanyAssets" xlink:title="TaxBaseOfCompanyAssets"/>
    <link:presentationArc xlink:type="arc" xlink:arcrole="http://www.xbrl.org/2003/arcrole/parent-child" xlink:from="InformationForDanishTaxAuthorityAbstract" xlink:to="TaxBaseOfCompanyAssets" xlink:title="presentation: InformationForDanishTaxAuthorityAbstract to TaxBaseOfCompanyAssets" order="316.0"/>
    <link:loc xlink:type="locator" xlink:href="tax.xsd#tax_AcquiredDanishDividendGrossWithRetentionOfDividendTax25PercentInIncomeYear" xlink:label="AcquiredDanishDividendGrossWithRetentionOfDividendTax25PercentInIncomeYear" xlink:title="AcquiredDanishDividendGrossWithRetentionOfDividendTax25PercentInIncomeYear"/>
    <link:presentationArc xlink:type="arc" xlink:arcrole="http://www.xbrl.org/2003/arcrole/parent-child" xlink:from="InformationForDanishTaxAuthorityAbstract" xlink:to="AcquiredDanishDividendGrossWithRetentionOfDividendTax25PercentInIncomeYear" xlink:title="presentation: InformationForDanishTaxAuthorityAbstract to AcquiredDanishDividendGrossWithRetentionOfDividendTax25PercentInIncomeYear" order="230.0"/>
    <link:presentationArc xlink:type="arc" xlink:arcrole="http://www.xbrl.org/2003/arcrole/parent-child" xlink:from="InformationForDanishTaxAuthorityAbstract" xlink:to="InformationOnSubmissionReportAndReportingEntityAbstract" xlink:title="presentation: InformationForDanishTaxAuthorityAbstract to InformationOnSubmissionReportAndReportingEntityAbstract" order="11.0"/>
    <link:loc xlink:type="locator" xlink:href="tax.xsd#tax_AcquiredDanishDividendGrossWithRetentionOfDividendTax22PercentInIncomeYear" xlink:label="AcquiredDanishDividendGrossWithRetentionOfDividendTax22PercentInIncomeYear" xlink:title="AcquiredDanishDividendGrossWithRetentionOfDividendTax22PercentInIncomeYear"/>
    <link:presentationArc xlink:type="arc" xlink:arcrole="http://www.xbrl.org/2003/arcrole/parent-child" xlink:from="InformationForDanishTaxAuthorityAbstract" xlink:to="AcquiredDanishDividendGrossWithRetentionOfDividendTax22PercentInIncomeYear" xlink:title="presentation: InformationForDanishTaxAuthorityAbstract to AcquiredDanishDividendGrossWithRetentionOfDividendTax22PercentInIncomeYear" order="225.0"/>
  </link:presentationLink>
</link:linkbase>
