<?xml version="1.0" encoding="UTF-8"?>
<!-- Generated by Fujitsu Interstage XWand B0166 -->
<?officialURI http://archprod.service.eogs.dk/taxonomy/20140701/dst/dst_ref.xml?>

<?taxonomy-version 1.5.0?>

<link:linkbase xmlns:xsi="http://www.w3.org/2001/XMLSchema-instance" xsi:schemaLocation="http://www.xbrl.org/2006/ref http://www.xbrl.org/2006/ref-2006-02-27.xsd http://www.xbrl.org/2003/linkbase http://www.xbrl.org/2003/xbrl-linkbase-2003-12-31.xsd" xmlns:link="http://www.xbrl.org/2003/linkbase" xmlns:ref="http://www.xbrl.org/2006/ref" xmlns:xbrli="http://www.xbrl.org/2003/instance" xmlns:xlink="http://www.w3.org/1999/xlink">
  <link:referenceLink xlink:type="extended" xlink:role="http://www.xbrl.org/2003/role/link">
    <link:loc xlink:type="locator" xlink:href="dst.xsd#dst_AdditionsToNoncurrentAssets" xlink:label="AdditionsToNoncurrentAssets"/>
    <link:reference xlink:type="resource" xlink:label="reference_AdditionsToNoncurrentAssets" xlink:role="http://www.xbrl.org/2003/role/reference" id="reference_AdditionsToNoncurrentAssets">
      <ref:Publisher>DST</ref:Publisher>
      <ref:Number>78</ref:Number>
      <ref:Note>ATIT</ref:Note>
    </link:reference>
    <link:referenceArc xlink:type="arc" xlink:arcrole="http://www.xbrl.org/2003/arcrole/concept-reference" xlink:from="AdditionsToNoncurrentAssets" xlink:to="reference_AdditionsToNoncurrentAssets" order="10.0"/>
    <link:loc xlink:type="locator" xlink:href="dst.xsd#dst_AdditionsToOtherPlantOperatingAssetsFixturesAndFurniture" xlink:label="AdditionsToOtherPlantOperatingAssetsFixturesAndFurniture"/>
    <link:reference xlink:type="resource" xlink:label="reference_AdditionsToOtherPlantOperatingAssetsFixturesAndFurniture" xlink:role="http://www.xbrl.org/2003/role/reference" id="reference_AdditionsToOtherPlantOperatingAssetsFixturesAndFurniture">
      <ref:Publisher>DST</ref:Publisher>
      <ref:Number>75</ref:Number>
      <ref:Note>TAAD</ref:Note>
    </link:reference>
    <link:referenceArc xlink:type="arc" xlink:arcrole="http://www.xbrl.org/2003/arcrole/concept-reference" xlink:from="AdditionsToOtherPlantOperatingAssetsFixturesAndFurniture" xlink:to="reference_AdditionsToOtherPlantOperatingAssetsFixturesAndFurniture" order="10.0"/>
    <link:loc xlink:type="locator" xlink:href="dst.xsd#dst_AdditionsToProductionMachineryAndEquipment" xlink:label="AdditionsToProductionMachineryAndEquipment"/>
    <link:reference xlink:type="resource" xlink:label="reference_AdditionsToProductionMachineryAndEquipment" xlink:role="http://www.xbrl.org/2003/role/reference" id="reference_AdditionsToProductionMachineryAndEquipment">
      <ref:Publisher>DST</ref:Publisher>
      <ref:Number>74</ref:Number>
      <ref:Note>DTAM</ref:Note>
    </link:reference>
    <link:referenceArc xlink:type="arc" xlink:arcrole="http://www.xbrl.org/2003/arcrole/concept-reference" xlink:from="AdditionsToProductionMachineryAndEquipment" xlink:to="reference_AdditionsToProductionMachineryAndEquipment" order="10.0"/>
    <link:loc xlink:type="locator" xlink:href="dst.xsd#dst_AdditionsToPropertyPlantAndEquipmentInProgressAndPrepaymentsForPropertyPlantAndEquipment" xlink:label="AdditionsToPropertyPlantAndEquipmentInProgressAndPrepaymentsForPropertyPlantAndEquipment"/>
    <link:reference xlink:type="resource" xlink:label="reference_AdditionsToPropertyPlantAndEquipmentInProgressAndPrepaymentsForPropertyPlantAndEquipment" xlink:role="http://www.xbrl.org/2003/role/reference" id="reference_AdditionsToPropertyPlantAndEquipmentInProgressAndPrepaymentsForPropertyPlantAndEquipment">
      <ref:Publisher>DST</ref:Publisher>
      <ref:Number>77</ref:Number>
      <ref:Note>TFMA</ref:Note>
    </link:reference>
    <link:referenceArc xlink:type="arc" xlink:arcrole="http://www.xbrl.org/2003/arcrole/concept-reference" xlink:from="AdditionsToPropertyPlantAndEquipmentInProgressAndPrepaymentsForPropertyPlantAndEquipment" xlink:to="reference_AdditionsToPropertyPlantAndEquipmentInProgressAndPrepaymentsForPropertyPlantAndEquipment" order="10.0"/>
    <link:loc xlink:type="locator" xlink:href="dst.xsd#dst_AlterationsAndImprovementsOfBuildingsAndInstallations" xlink:label="AlterationsAndImprovementsOfBuildingsAndInstallations"/>
    <link:reference xlink:type="resource" xlink:label="reference_AlterationsAndImprovementsOfBuildingsAndInstallations" xlink:role="http://www.xbrl.org/2003/role/reference" id="reference_AlterationsAndImprovementsOfBuildingsAndInstallations">
      <ref:Publisher>DST</ref:Publisher>
      <ref:Number>71</ref:Number>
      <ref:Note>OFBB</ref:Note>
    </link:reference>
    <link:referenceArc xlink:type="arc" xlink:arcrole="http://www.xbrl.org/2003/arcrole/concept-reference" xlink:from="AlterationsAndImprovementsOfBuildingsAndInstallations" xlink:to="reference_AlterationsAndImprovementsOfBuildingsAndInstallations" order="10.0"/>
    <link:loc xlink:type="locator" xlink:href="dst.xsd#dst_BondsAndSimilarDocumentsCurrentAssets" xlink:label="BondsAndSimilarDocumentsCurrentAssets"/>
    <link:reference xlink:type="resource" xlink:label="reference_BondsAndSimilarDocumentsCurrentAssets" xlink:role="http://www.xbrl.org/2003/role/reference" id="reference_BondsAndSimilarDocumentsCurrentAssets">
      <ref:Publisher>DST</ref:Publisher>
      <ref:Number>55</ref:Number>
      <ref:Note>OBAV</ref:Note>
    </link:reference>
    <link:referenceArc xlink:type="arc" xlink:arcrole="http://www.xbrl.org/2003/arcrole/concept-reference" xlink:from="BondsAndSimilarDocumentsCurrentAssets" xlink:to="reference_BondsAndSimilarDocumentsCurrentAssets" order="10.0"/>
    <link:loc xlink:type="locator" xlink:href="dst.xsd#dst_BondsAndSimilarDocumentsFinancialAssets" xlink:label="BondsAndSimilarDocumentsFinancialAssets"/>
    <link:reference xlink:type="resource" xlink:label="reference_BondsAndSimilarDocumentsFinancialAssets" xlink:role="http://www.xbrl.org/2003/role/reference" id="reference_BondsAndSimilarDocumentsFinancialAssets">
      <ref:Publisher>DST</ref:Publisher>
      <ref:Number>41</ref:Number>
      <ref:Note>ABOA</ref:Note>
    </link:reference>
    <link:referenceArc xlink:type="arc" xlink:arcrole="http://www.xbrl.org/2003/arcrole/concept-reference" xlink:from="BondsAndSimilarDocumentsFinancialAssets" xlink:to="reference_BondsAndSimilarDocumentsFinancialAssets" order="10.0"/>
    <link:loc xlink:type="locator" xlink:href="dst.xsd#dst_ClaimsFinancialAssets" xlink:label="ClaimsFinancialAssets"/>
    <link:reference xlink:type="resource" xlink:label="reference_ClaimsFinancialAssets" xlink:role="http://www.xbrl.org/2003/role/reference" id="reference_ClaimsFinancialAssets">
      <ref:Publisher>DST</ref:Publisher>
      <ref:Number>39</ref:Number>
      <ref:Note>TILG</ref:Note>
    </link:reference>
    <link:referenceArc xlink:type="arc" xlink:arcrole="http://www.xbrl.org/2003/arcrole/concept-reference" xlink:from="ClaimsFinancialAssets" xlink:to="reference_ClaimsFinancialAssets" order="10.0"/>
    <link:loc xlink:type="locator" xlink:href="dst.xsd#dst_ConstructionAlterationAndImprovementOfRoadsHarboursSquaresAndSimilarAndDevelopmentAndImprovementOfLand" xlink:label="ConstructionAlterationAndImprovementOfRoadsHarboursSquaresAndSimilarAndDevelopmentAndImprovementOfLand"/>
    <link:reference xlink:type="resource" xlink:label="reference_ConstructionAlterationAndImprovementOfRoadsHarboursSquaresAndSimilarAndDevelopmentAndImprovementOfLand" xlink:role="http://www.xbrl.org/2003/role/reference" id="reference_ConstructionAlterationAndImprovementOfRoadsHarboursSquaresAndSimilarAndDevelopmentAndImprovementOfLand">
      <ref:Number>72</ref:Number>
      <ref:Publisher>DST</ref:Publisher>
      <ref:Note>VHPK</ref:Note>
    </link:reference>
    <link:referenceArc xlink:type="arc" xlink:arcrole="http://www.xbrl.org/2003/arcrole/concept-reference" xlink:from="ConstructionAlterationAndImprovementOfRoadsHarboursSquaresAndSimilarAndDevelopmentAndImprovementOfLand" xlink:to="reference_ConstructionAlterationAndImprovementOfRoadsHarboursSquaresAndSimilarAndDevelopmentAndImprovementOfLand" order="10.0"/>
    <link:loc xlink:type="locator" xlink:href="dst.xsd#dst_ConstructionOfBuildingsExcludingLand" xlink:label="ConstructionOfBuildingsExcludingLand"/>
    <link:reference xlink:type="resource" xlink:label="reference_ConstructionOfBuildingsExcludingLand" xlink:role="http://www.xbrl.org/2003/role/reference" id="reference_ConstructionOfBuildingsExcludingLand">
      <ref:Number>69</ref:Number>
      <ref:Publisher>DST</ref:Publisher>
      <ref:Note>OPNY</ref:Note>
    </link:reference>
    <link:referenceArc xlink:type="arc" xlink:arcrole="http://www.xbrl.org/2003/arcrole/concept-reference" xlink:from="ConstructionOfBuildingsExcludingLand" xlink:to="reference_ConstructionOfBuildingsExcludingLand" order="10.0"/>
    <link:loc xlink:type="locator" xlink:href="dst.xsd#dst_CostOfMinorEquipmentAndFixturesNotCapitalised" xlink:label="CostOfMinorEquipmentAndFixturesNotCapitalised"/>
    <link:reference xlink:type="resource" xlink:label="reference_CostOfMinorEquipmentAndFixturesNotCapitalised" xlink:role="http://www.xbrl.org/2003/role/reference" id="reference_CostOfMinorEquipmentAndFixturesNotCapitalised">
      <ref:Number>08</ref:Number>
      <ref:Publisher>DST</ref:Publisher>
      <ref:Note>UASI</ref:Note>
    </link:reference>
    <link:referenceArc xlink:type="arc" xlink:arcrole="http://www.xbrl.org/2003/arcrole/concept-reference" xlink:from="CostOfMinorEquipmentAndFixturesNotCapitalised" xlink:to="reference_CostOfMinorEquipmentAndFixturesNotCapitalised" order="10.0"/>
    <link:loc xlink:type="locator" xlink:href="dst.xsd#dst_CostOfSubcontractorsAndOtherWorkDoneByOthersNonemployeesOnEntityMaterials" xlink:label="CostOfSubcontractorsAndOtherWorkDoneByOthersNonemployeesOnEntityMaterials"/>
    <link:reference xlink:type="resource" xlink:label="reference_CostOfSubcontractorsAndOtherWorkDoneByOthersNonemployeesOnEntityMaterials" xlink:role="http://www.xbrl.org/2003/role/reference" id="reference_CostOfSubcontractorsAndOtherWorkDoneByOthersNonemployeesOnEntityMaterials">
      <ref:Number>06</ref:Number>
      <ref:Publisher>DST</ref:Publisher>
      <ref:Note>KLOE</ref:Note>
    </link:reference>
    <link:referenceArc xlink:type="arc" xlink:arcrole="http://www.xbrl.org/2003/arcrole/concept-reference" xlink:from="CostOfSubcontractorsAndOtherWorkDoneByOthersNonemployeesOnEntityMaterials" xlink:to="reference_CostOfSubcontractorsAndOtherWorkDoneByOthersNonemployeesOnEntityMaterials" order="10.0"/>
    <link:loc xlink:type="locator" xlink:href="dst.xsd#dst_DisposalsOfBuildingsIncludingLand" xlink:label="DisposalsOfBuildingsIncludingLand"/>
    <link:reference xlink:type="resource" xlink:label="reference_DisposalsOfBuildingsIncludingLand" xlink:role="http://www.xbrl.org/2003/role/reference" id="reference_DisposalsOfBuildingsIncludingLand">
      <ref:Number>80</ref:Number>
      <ref:Publisher>DST</ref:Publisher>
      <ref:Note>SABY</ref:Note>
    </link:reference>
    <link:referenceArc xlink:type="arc" xlink:arcrole="http://www.xbrl.org/2003/arcrole/concept-reference" xlink:from="DisposalsOfBuildingsIncludingLand" xlink:to="reference_DisposalsOfBuildingsIncludingLand" order="10.0"/>
    <link:loc xlink:type="locator" xlink:href="dst.xsd#dst_DisposalsOfLandNotBuiltUpon" xlink:label="DisposalsOfLandNotBuiltUpon"/>
    <link:reference xlink:type="resource" xlink:label="reference_DisposalsOfLandNotBuiltUpon" xlink:role="http://www.xbrl.org/2003/role/reference" id="reference_DisposalsOfLandNotBuiltUpon">
      <ref:Number>81</ref:Number>
      <ref:Publisher>DST</ref:Publisher>
      <ref:Note>SUBG</ref:Note>
    </link:reference>
    <link:referenceArc xlink:type="arc" xlink:arcrole="http://www.xbrl.org/2003/arcrole/concept-reference" xlink:from="DisposalsOfLandNotBuiltUpon" xlink:to="reference_DisposalsOfLandNotBuiltUpon" order="10.0"/>
    <link:loc xlink:type="locator" xlink:href="dst.xsd#dst_DisposalsOfNoncurrentAssets" xlink:label="DisposalsOfNoncurrentAssets"/>
    <link:reference xlink:type="resource" xlink:label="reference_DisposalsOfNoncurrentAssets" xlink:role="http://www.xbrl.org/2003/role/reference" id="reference_DisposalsOfNoncurrentAssets">
      <ref:Number>87</ref:Number>
      <ref:Publisher>DST</ref:Publisher>
      <ref:Note>AFAT</ref:Note>
    </link:reference>
    <link:referenceArc xlink:type="arc" xlink:arcrole="http://www.xbrl.org/2003/arcrole/concept-reference" xlink:from="DisposalsOfNoncurrentAssets" xlink:to="reference_DisposalsOfNoncurrentAssets" order="10.0"/>
    <link:loc xlink:type="locator" xlink:href="dst.xsd#dst_DisposalsOfOtherPlantOperatingAssetsFixturesAndFurniture" xlink:label="DisposalsOfOtherPlantOperatingAssetsFixturesAndFurniture"/>
    <link:reference xlink:type="resource" xlink:label="reference_DisposalsOfOtherPlantOperatingAssetsFixturesAndFurniture" xlink:role="http://www.xbrl.org/2003/role/reference" id="reference_DisposalsOfOtherPlantOperatingAssetsFixturesAndFurniture">
      <ref:Number>85</ref:Number>
      <ref:Publisher>DST</ref:Publisher>
      <ref:Note>SADI</ref:Note>
    </link:reference>
    <link:referenceArc xlink:type="arc" xlink:arcrole="http://www.xbrl.org/2003/arcrole/concept-reference" xlink:from="DisposalsOfOtherPlantOperatingAssetsFixturesAndFurniture" xlink:to="reference_DisposalsOfOtherPlantOperatingAssetsFixturesAndFurniture" order="10.0"/>
    <link:loc xlink:type="locator" xlink:href="dst.xsd#dst_DisposalsOfProductionMachineryAndEquipment" xlink:label="DisposalsOfProductionMachineryAndEquipment"/>
    <link:reference xlink:type="resource" xlink:label="reference_DisposalsOfProductionMachineryAndEquipment" xlink:role="http://www.xbrl.org/2003/role/reference" id="reference_DisposalsOfProductionMachineryAndEquipment">
      <ref:Number>84</ref:Number>
      <ref:Publisher>DST</ref:Publisher>
      <ref:Note>STAM</ref:Note>
    </link:reference>
    <link:referenceArc xlink:type="arc" xlink:arcrole="http://www.xbrl.org/2003/arcrole/concept-reference" xlink:from="DisposalsOfProductionMachineryAndEquipment" xlink:to="reference_DisposalsOfProductionMachineryAndEquipment" order="10.0"/>
    <link:loc xlink:type="locator" xlink:href="dst.xsd#dst_DisposalsOfRoadsHarboursSquaresAndSimilar" xlink:label="DisposalsOfRoadsHarboursSquaresAndSimilar"/>
    <link:reference xlink:type="resource" xlink:label="reference_DisposalsOfRoadsHarboursSquaresAndSimilar" xlink:role="http://www.xbrl.org/2003/role/reference" id="reference_DisposalsOfRoadsHarboursSquaresAndSimilar">
      <ref:Number>82</ref:Number>
      <ref:Publisher>DST</ref:Publisher>
      <ref:Note>SVHP</ref:Note>
    </link:reference>
    <link:referenceArc xlink:type="arc" xlink:arcrole="http://www.xbrl.org/2003/arcrole/concept-reference" xlink:from="DisposalsOfRoadsHarboursSquaresAndSimilar" xlink:to="reference_DisposalsOfRoadsHarboursSquaresAndSimilar" order="10.0"/>
    <link:loc xlink:type="locator" xlink:href="dst.xsd#dst_DividendsReceivedOnOtherNoncurrentFinancialAssets" xlink:label="DividendsReceivedOnOtherNoncurrentFinancialAssets"/>
    <link:reference xlink:type="resource" xlink:label="reference_DividendsReceivedOnOtherNoncurrentFinancialAssets" xlink:role="http://www.xbrl.org/2003/role/reference" id="reference_DividendsReceivedOnOtherNoncurrentFinancialAssets">
      <ref:Number>21</ref:Number>
      <ref:Publisher>DST</ref:Publisher>
      <ref:Note>UDFA</ref:Note>
    </link:reference>
    <link:referenceArc xlink:type="arc" xlink:arcrole="http://www.xbrl.org/2003/arcrole/concept-reference" xlink:from="DividendsReceivedOnOtherNoncurrentFinancialAssets" xlink:to="reference_DividendsReceivedOnOtherNoncurrentFinancialAssets" order="10.0"/>
    <link:loc xlink:type="locator" xlink:href="dst.xsd#dst_DividendsToShareholdersAndSimilarPaymentsToOwners" xlink:label="DividendsToShareholdersAndSimilarPaymentsToOwners"/>
    <link:reference xlink:type="resource" xlink:label="reference_DividendsToShareholdersAndSimilarPaymentsToOwners" xlink:role="http://www.xbrl.org/2003/role/reference" id="reference_DividendsToShareholdersAndSimilarPaymentsToOwners">
      <ref:Number>32</ref:Number>
      <ref:Publisher>DST</ref:Publisher>
      <ref:Note>UDBY</ref:Note>
    </link:reference>
    <link:referenceArc xlink:type="arc" xlink:arcrole="http://www.xbrl.org/2003/arcrole/concept-reference" xlink:from="DividendsToShareholdersAndSimilarPaymentsToOwners" xlink:to="reference_DividendsToShareholdersAndSimilarPaymentsToOwners" order="10.0"/>
    <link:loc xlink:type="locator" xlink:href="dst.xsd#dst_IncomeFromParticipatingInterests" xlink:label="IncomeFromParticipatingInterests"/>
    <link:reference xlink:type="resource" xlink:label="reference_IncomeFromParticipatingInterests" xlink:role="http://www.xbrl.org/2003/role/reference" id="reference_IncomeFromParticipatingInterests">
      <ref:Number>20</ref:Number>
      <ref:Publisher>DST</ref:Publisher>
      <ref:Note>INKI</ref:Note>
    </link:reference>
    <link:referenceArc xlink:type="arc" xlink:arcrole="http://www.xbrl.org/2003/arcrole/concept-reference" xlink:from="IncomeFromParticipatingInterests" xlink:to="reference_IncomeFromParticipatingInterests" order="10.0"/>
    <link:loc xlink:type="locator" xlink:href="dst.xsd#dst_IncreaseDecreaseOfInventories" xlink:label="IncreaseDecreaseOfInventories"/>
    <link:reference xlink:type="resource" xlink:label="reference_IncreaseDecreaseOfInventories" xlink:role="http://www.xbrl.org/2003/role/reference" id="reference_IncreaseDecreaseOfInventories">
      <ref:Publisher>DST</ref:Publisher>
      <ref:Number>03</ref:Number>
      <ref:Note>DLG</ref:Note>
    </link:reference>
    <link:referenceArc xlink:type="arc" xlink:arcrole="http://www.xbrl.org/2003/arcrole/concept-reference" xlink:from="IncreaseDecreaseOfInventories" xlink:to="reference_IncreaseDecreaseOfInventories" order="10.0"/>
    <link:loc xlink:type="locator" xlink:href="dst.xsd#dst_InterestPayableAndSimilarCharges" xlink:label="InterestPayableAndSimilarCharges"/>
    <link:reference xlink:type="resource" xlink:label="reference_InterestPayableAndSimilarCharges" xlink:role="http://www.xbrl.org/2003/role/reference" id="reference_InterestPayableAndSimilarCharges">
      <ref:Number>25</ref:Number>
      <ref:Publisher>DST</ref:Publisher>
      <ref:Note>RUDG</ref:Note>
    </link:reference>
    <link:referenceArc xlink:type="arc" xlink:arcrole="http://www.xbrl.org/2003/arcrole/concept-reference" xlink:from="InterestPayableAndSimilarCharges" xlink:to="reference_InterestPayableAndSimilarCharges" order="10.0"/>
    <link:loc xlink:type="locator" xlink:href="dst.xsd#dst_InterestReceivedOnCurrentAssets" xlink:label="InterestReceivedOnCurrentAssets"/>
    <link:reference xlink:type="resource" xlink:label="reference_InterestReceivedOnCurrentAssets" xlink:role="http://www.xbrl.org/2003/role/reference" id="reference_InterestReceivedOnCurrentAssets">
      <ref:Number>23</ref:Number>
      <ref:Publisher>DST</ref:Publisher>
      <ref:Note>RIOM</ref:Note>
    </link:reference>
    <link:referenceArc xlink:type="arc" xlink:arcrole="http://www.xbrl.org/2003/arcrole/concept-reference" xlink:from="InterestReceivedOnCurrentAssets" xlink:to="reference_InterestReceivedOnCurrentAssets" order="10.0"/>
    <link:loc xlink:type="locator" xlink:href="dst.xsd#dst_InterestReceivedOnNoncurrentFinancialAssets" xlink:label="InterestReceivedOnNoncurrentFinancialAssets"/>
    <link:reference xlink:type="resource" xlink:label="reference_InterestReceivedOnNoncurrentFinancialAssets" xlink:role="http://www.xbrl.org/2003/role/reference" id="reference_InterestReceivedOnNoncurrentFinancialAssets">
      <ref:Number>22</ref:Number>
      <ref:Publisher>DST</ref:Publisher>
      <ref:Note>RIFA</ref:Note>
    </link:reference>
    <link:referenceArc xlink:type="arc" xlink:arcrole="http://www.xbrl.org/2003/arcrole/concept-reference" xlink:from="InterestReceivedOnNoncurrentFinancialAssets" xlink:to="reference_InterestReceivedOnNoncurrentFinancialAssets" order="10.0"/>
    <link:loc xlink:type="locator" xlink:href="dst.xsd#dst_OtherExternalChargesExcludingSecondary" xlink:label="OtherExternalChargesExcludingSecondary"/>
    <link:reference xlink:type="resource" xlink:label="reference_OtherExternalChargesExcludingSecondary" xlink:role="http://www.xbrl.org/2003/role/reference" id="reference_OtherExternalChargesExcludingSecondary">
      <ref:Number>12</ref:Number>
      <ref:Publisher>DST</ref:Publisher>
      <ref:Note>EKUD</ref:Note>
    </link:reference>
    <link:referenceArc xlink:type="arc" xlink:arcrole="http://www.xbrl.org/2003/arcrole/concept-reference" xlink:from="OtherExternalChargesExcludingSecondary" xlink:to="reference_OtherExternalChargesExcludingSecondary" order="10.0"/>
    <link:loc xlink:type="locator" xlink:href="dst.xsd#dst_OtherOperatingChargesOfNontradingType" xlink:label="OtherOperatingChargesOfNontradingType"/>
    <link:reference xlink:type="resource" xlink:label="reference_OtherOperatingChargesOfNontradingType" xlink:role="http://www.xbrl.org/2003/role/reference" id="reference_OtherOperatingChargesOfNontradingType">
      <ref:Number>18</ref:Number>
      <ref:Publisher>DST</ref:Publisher>
      <ref:Note>SEUD</ref:Note>
    </link:reference>
    <link:referenceArc xlink:type="arc" xlink:arcrole="http://www.xbrl.org/2003/arcrole/concept-reference" xlink:from="OtherOperatingChargesOfNontradingType" xlink:to="reference_OtherOperatingChargesOfNontradingType" order="10.0"/>
    <link:loc xlink:type="locator" xlink:href="dst.xsd#dst_PaymentsForLongtermRentalAndOperationalLeasingOfGoods" xlink:label="PaymentsForLongtermRentalAndOperationalLeasingOfGoods"/>
    <link:reference xlink:type="resource" xlink:label="reference_PaymentsForLongtermRentalAndOperationalLeasingOfGoods" xlink:role="http://www.xbrl.org/2003/role/reference" id="reference_PaymentsForLongtermRentalAndOperationalLeasingOfGoods">
      <ref:Number>10</ref:Number>
      <ref:Publisher>DST</ref:Publisher>
      <ref:Note>ULOL</ref:Note>
    </link:reference>
    <link:referenceArc xlink:type="arc" xlink:arcrole="http://www.xbrl.org/2003/arcrole/concept-reference" xlink:from="PaymentsForLongtermRentalAndOperationalLeasingOfGoods" xlink:to="reference_PaymentsForLongtermRentalAndOperationalLeasingOfGoods" order="10.0"/>
    <link:loc xlink:type="locator" xlink:href="dst.xsd#dst_PaymentsForTemporaryWorkersProvidedFromAnotherEnterprise" xlink:label="PaymentsForTemporaryWorkersProvidedFromAnotherEnterprise"/>
    <link:reference xlink:type="resource" xlink:label="reference_PaymentsForTemporaryWorkersProvidedFromAnotherEnterprise" xlink:role="http://www.xbrl.org/2003/role/reference" id="reference_PaymentsForTemporaryWorkersProvidedFromAnotherEnterprise">
      <ref:Number>09</ref:Number>
      <ref:Publisher>DST</ref:Publisher>
      <ref:Note>UDVB</ref:Note>
    </link:reference>
    <link:referenceArc xlink:type="arc" xlink:arcrole="http://www.xbrl.org/2003/arcrole/concept-reference" xlink:from="PaymentsForTemporaryWorkersProvidedFromAnotherEnterprise" xlink:to="reference_PaymentsForTemporaryWorkersProvidedFromAnotherEnterprise" order="10.0"/>
    <link:loc xlink:type="locator" xlink:href="dst.xsd#dst_ProfitRetainedLossSustained" xlink:label="ProfitRetainedLossSustained"/>
    <link:reference xlink:type="resource" xlink:label="reference_ProfitRetainedLossSustained" xlink:role="http://www.xbrl.org/2003/role/reference" id="reference_ProfitRetainedLossSustained">
      <ref:Number>31</ref:Number>
      <ref:Publisher>DST</ref:Publisher>
      <ref:Note>KEGN</ref:Note>
    </link:reference>
    <link:referenceArc xlink:type="arc" xlink:arcrole="http://www.xbrl.org/2003/arcrole/concept-reference" xlink:from="ProfitRetainedLossSustained" xlink:to="reference_ProfitRetainedLossSustained" order="10.0"/>
    <link:loc xlink:type="locator" xlink:href="dst.xsd#dst_PurchaseOfBuildingsIncludingLand" xlink:label="PurchaseOfBuildingsIncludingLand"/>
    <link:reference xlink:type="resource" xlink:label="reference_PurchaseOfBuildingsIncludingLand" xlink:role="http://www.xbrl.org/2003/role/reference" id="reference_PurchaseOfBuildingsIncludingLand">
      <ref:Number>68</ref:Number>
      <ref:Publisher>DST</ref:Publisher>
      <ref:Note>KEB</ref:Note>
    </link:reference>
    <link:referenceArc xlink:type="arc" xlink:arcrole="http://www.xbrl.org/2003/arcrole/concept-reference" xlink:from="PurchaseOfBuildingsIncludingLand" xlink:to="reference_PurchaseOfBuildingsIncludingLand" order="10.0"/>
    <link:loc xlink:type="locator" xlink:href="dst.xsd#dst_PurchaseOfEnergyProductsElectricityAndFuelsExcludingEnergyProductsForRegisteredMotorVehicles" xlink:label="PurchaseOfEnergyProductsElectricityAndFuelsExcludingEnergyProductsForRegisteredMotorVehicles"/>
    <link:reference xlink:type="resource" xlink:label="reference_PurchaseOfEnergyProductsElectricityAndFuelsExcludingEnergyProductsForRegisteredMotorVehicles" xlink:role="http://www.xbrl.org/2003/role/reference" id="reference_PurchaseOfEnergyProductsElectricityAndFuelsExcludingEnergyProductsForRegisteredMotorVehicles">
      <ref:Number>05</ref:Number>
      <ref:Publisher>DST</ref:Publisher>
      <ref:Note>KENE</ref:Note>
    </link:reference>
    <link:referenceArc xlink:type="arc" xlink:arcrole="http://www.xbrl.org/2003/arcrole/concept-reference" xlink:from="PurchaseOfEnergyProductsElectricityAndFuelsExcludingEnergyProductsForRegisteredMotorVehicles" xlink:to="reference_PurchaseOfEnergyProductsElectricityAndFuelsExcludingEnergyProductsForRegisteredMotorVehicles" order="10.0"/>
    <link:loc xlink:type="locator" xlink:href="dst.xsd#dst_PurchaseOfLandNotBuiltUpon" xlink:label="PurchaseOfLandNotBuiltUpon"/>
    <link:reference xlink:type="resource" xlink:label="reference_PurchaseOfLandNotBuiltUpon" xlink:role="http://www.xbrl.org/2003/role/reference" id="reference_PurchaseOfLandNotBuiltUpon">
      <ref:Number>70</ref:Number>
      <ref:Publisher>DST</ref:Publisher>
      <ref:Note>KUBG</ref:Note>
    </link:reference>
    <link:referenceArc xlink:type="arc" xlink:arcrole="http://www.xbrl.org/2003/arcrole/concept-reference" xlink:from="PurchaseOfLandNotBuiltUpon" xlink:to="reference_PurchaseOfLandNotBuiltUpon" order="10.0"/>
    <link:loc xlink:type="locator" xlink:href="dst.xsd#dst_PurchaseOfRawMaterialsConsumablesAndPackagingMaterials" xlink:label="PurchaseOfRawMaterialsConsumablesAndPackagingMaterials"/>
    <link:reference xlink:type="resource" xlink:label="reference_PurchaseOfRawMaterialsConsumablesAndPackagingMaterials" xlink:role="http://www.xbrl.org/2003/role/reference" id="reference_PurchaseOfRawMaterialsConsumablesAndPackagingMaterials">
      <ref:Number>04b</ref:Number>
      <ref:Publisher>DST</ref:Publisher>
      <ref:Note>KRHE</ref:Note>
    </link:reference>
    <link:referenceArc xlink:type="arc" xlink:arcrole="http://www.xbrl.org/2003/arcrole/concept-reference" xlink:from="PurchaseOfRawMaterialsConsumablesAndPackagingMaterials" xlink:to="reference_PurchaseOfRawMaterialsConsumablesAndPackagingMaterials" order="10.0"/>
    <link:loc xlink:type="locator" xlink:href="dst.xsd#dst_RentPaidExcludingHeatingBill" xlink:label="RentPaidExcludingHeatingBill"/>
    <link:reference xlink:type="resource" xlink:label="reference_RentPaidExcludingHeatingBill" xlink:role="http://www.xbrl.org/2003/role/reference" id="reference_RentPaidExcludingHeatingBill">
      <ref:Number>07</ref:Number>
      <ref:Publisher>DST</ref:Publisher>
      <ref:Note>UDHL</ref:Note>
    </link:reference>
    <link:referenceArc xlink:type="arc" xlink:arcrole="http://www.xbrl.org/2003/arcrole/concept-reference" xlink:from="RentPaidExcludingHeatingBill" xlink:to="reference_RentPaidExcludingHeatingBill" order="10.0"/>
    <link:loc xlink:type="locator" xlink:href="dst.xsd#dst_SharesAndOwnershipCertificatesCurrentAssets" xlink:label="SharesAndOwnershipCertificatesCurrentAssets"/>
    <link:reference xlink:type="resource" xlink:label="reference_SharesAndOwnershipCertificatesCurrentAssets" xlink:role="http://www.xbrl.org/2003/role/reference" id="reference_SharesAndOwnershipCertificatesCurrentAssets">
      <ref:Number>40</ref:Number>
      <ref:Publisher>DST</ref:Publisher>
      <ref:Note>ABAE</ref:Note>
    </link:reference>
    <link:referenceArc xlink:type="arc" xlink:arcrole="http://www.xbrl.org/2003/arcrole/concept-reference" xlink:from="SharesAndOwnershipCertificatesCurrentAssets" xlink:to="reference_SharesAndOwnershipCertificatesCurrentAssets" order="10.0"/>
    <link:loc xlink:type="locator" xlink:href="dst.xsd#dst_TurnoverFormPurchasedGoodsForResale" xlink:label="TurnoverFormPurchasedGoodsForResale"/>
    <link:reference xlink:type="resource" xlink:label="reference_TurnoverFormPurchasedGoodsForResale" xlink:role="http://www.xbrl.org/2003/role/reference" id="reference_TurnoverFormPurchasedGoodsForResale">
      <ref:Number>89</ref:Number>
      <ref:Publisher>DST</ref:Publisher>
      <ref:Note>HOMS</ref:Note>
    </link:reference>
    <link:referenceArc xlink:type="arc" xlink:arcrole="http://www.xbrl.org/2003/arcrole/concept-reference" xlink:from="TurnoverFormPurchasedGoodsForResale" xlink:to="reference_TurnoverFormPurchasedGoodsForResale" order="10.0"/>
    <link:loc xlink:type="locator" xlink:href="dst.xsd#dst_TurnoverFromEntityProduction" xlink:label="TurnoverFromEntityProduction"/>
    <link:reference xlink:type="resource" xlink:label="reference_TurnoverFromEntityProduction" xlink:role="http://www.xbrl.org/2003/role/reference" id="reference_TurnoverFromEntityProduction">
      <ref:Number>88</ref:Number>
      <ref:Publisher>DST</ref:Publisher>
      <ref:Note>EOMS</ref:Note>
    </link:reference>
    <link:referenceArc xlink:type="arc" xlink:arcrole="http://www.xbrl.org/2003/arcrole/concept-reference" xlink:from="TurnoverFromEntityProduction" xlink:to="reference_TurnoverFromEntityProduction" order="10.0"/>
    <link:loc xlink:type="locator" xlink:href="dst.xsd#dst_ContactEmailAddress" xlink:label="ContactEmailAddress"/>
    <link:reference xlink:type="resource" xlink:label="reference_ContactEmailAddress" xlink:role="http://www.xbrl.org/2003/role/reference" id="reference_ContactEmailAddress">
      <ref:Publisher>DST</ref:Publisher>
      <ref:Note>KEPOST</ref:Note>
    </link:reference>
    <link:referenceArc xlink:type="arc" xlink:arcrole="http://www.xbrl.org/2003/arcrole/concept-reference" xlink:from="ContactEmailAddress" xlink:to="reference_ContactEmailAddress" order="10.0"/>
    <link:loc xlink:type="locator" xlink:href="dst.xsd#dst_ContactTelephoneNumber" xlink:label="ContactTelephoneNumber"/>
    <link:reference xlink:type="resource" xlink:label="reference_ContactTelephoneNumber" xlink:role="http://www.xbrl.org/2003/role/reference" id="reference_ContactTelephoneNumber">
      <ref:Publisher>DST</ref:Publisher>
      <ref:Note>KTLF</ref:Note>
    </link:reference>
    <link:referenceArc xlink:type="arc" xlink:arcrole="http://www.xbrl.org/2003/arcrole/concept-reference" xlink:from="ContactTelephoneNumber" xlink:to="reference_ContactTelephoneNumber" order="10.0"/>
    <link:loc xlink:type="locator" xlink:href="dst.xsd#dst_ContactTelephoneNumberExtension" xlink:label="ContactTelephoneNumberExtension"/>
    <link:reference xlink:type="resource" xlink:label="reference_ContactTelephoneNumberExtension" xlink:role="http://www.xbrl.org/2003/role/reference" id="reference_ContactTelephoneNumberExtension">
      <ref:Publisher>DST</ref:Publisher>
      <ref:Note>KLTLF</ref:Note>
    </link:reference>
    <link:referenceArc xlink:type="arc" xlink:arcrole="http://www.xbrl.org/2003/arcrole/concept-reference" xlink:from="ContactTelephoneNumberExtension" xlink:to="reference_ContactTelephoneNumberExtension" order="10.0"/>
    <link:loc xlink:type="locator" xlink:href="dst.xsd#dst_InformationForStatisticsDenmarkAbstract" xlink:label="InformationForStatisticsDenmarkAbstract"/>
    <link:reference xlink:type="resource" xlink:label="reference_InformationForStatisticsDenmarkAbstract" xlink:role="http://www.xbrl.org/2003/role/reference" id="reference_InformationForStatisticsDenmarkAbstract">
      <ref:Publisher>DST</ref:Publisher>
    </link:reference>
    <link:referenceArc xlink:type="arc" xlink:arcrole="http://www.xbrl.org/2003/arcrole/concept-reference" xlink:from="InformationForStatisticsDenmarkAbstract" xlink:to="reference_InformationForStatisticsDenmarkAbstract" order="10.0"/>
    <link:loc xlink:type="locator" xlink:href="dst.xsd#dst_ManufacturedGoods" xlink:label="ManufacturedGoods"/>
    <link:reference xlink:type="resource" xlink:label="reference_ManufacturedGoods_2" xlink:role="http://www.xbrl.org/2003/role/reference" xlink:title="reference_ManufacturedGoods" id="reference_ManufacturedGoods_2">
      <ref:Publisher>DST</ref:Publisher>
      <ref:Number>46a</ref:Number>
      <ref:Note>ELUL</ref:Note>
    </link:reference>
    <link:referenceArc xlink:type="arc" xlink:arcrole="http://www.xbrl.org/2003/arcrole/concept-reference" xlink:from="ManufacturedGoods" xlink:to="reference_ManufacturedGoods_2" xlink:title="reference: ManufacturedGoods to reference_ManufacturedGoods"/>
    <link:reference xlink:type="resource" xlink:label="reference_ManufacturedGoods_3" xlink:role="http://www.xbrl.org/2003/role/reference" xlink:title="reference_ManufacturedGoods" id="reference_ManufacturedGoods_3">
      <ref:Publisher>DST</ref:Publisher>
      <ref:Number>46b</ref:Number>
      <ref:Note>ELPR</ref:Note>
    </link:reference>
    <link:referenceArc xlink:type="arc" xlink:arcrole="http://www.xbrl.org/2003/arcrole/concept-reference" xlink:from="ManufacturedGoods" xlink:to="reference_ManufacturedGoods_3" xlink:title="reference: ManufacturedGoods to reference_ManufacturedGoods"/>
    <link:loc xlink:type="locator" xlink:href="dst.xsd#dst_NameAndSurnameOfContactPerson" xlink:label="NameAndSurnameOfContactPerson"/>
    <link:reference xlink:type="resource" xlink:label="reference_NameAndSurnameOfContactPerson" xlink:role="http://www.xbrl.org/2003/role/reference" id="reference_NameAndSurnameOfContactPerson">
      <ref:Publisher>DST</ref:Publisher>
      <ref:Note>KNAVN</ref:Note>
    </link:reference>
    <link:referenceArc xlink:type="arc" xlink:arcrole="http://www.xbrl.org/2003/arcrole/concept-reference" xlink:from="NameAndSurnameOfContactPerson" xlink:to="reference_NameAndSurnameOfContactPerson" order="10.0"/>
    <link:loc xlink:type="locator" xlink:href="dst.xsd#dst_RequestForFreeCopyOfStatisticsInReturnForHelp" xlink:label="RequestForFreeCopyOfStatisticsInReturnForHelp"/>
    <link:reference xlink:type="resource" xlink:label="reference_RequestForFreeCopyOfStatisticsInReturnForHelp" xlink:role="http://www.xbrl.org/2003/role/reference" id="reference_RequestForFreeCopyOfStatisticsInReturnForHelp">
      <ref:Publisher>DST</ref:Publisher>
      <ref:Note>TBM</ref:Note>
    </link:reference>
    <link:referenceArc xlink:type="arc" xlink:arcrole="http://www.xbrl.org/2003/arcrole/concept-reference" xlink:from="RequestForFreeCopyOfStatisticsInReturnForHelp" xlink:to="reference_RequestForFreeCopyOfStatisticsInReturnForHelp" order="10.0"/>
    <link:loc xlink:type="locator" xlink:href="dst.xsd#dst_SharesAndOtherOwnershipCertificatesFinancialAssets" xlink:label="SharesAndOtherOwnershipCertificatesFinancialAssets"/>
    <link:reference xlink:type="resource" xlink:label="reference_SharesAndOtherOwnershipCertificatesFinancialAssets" xlink:role="http://www.xbrl.org/2003/role/reference" id="reference_SharesAndOtherOwnershipCertificatesFinancialAssets">
      <ref:Publisher>DST</ref:Publisher>
      <ref:Number>54</ref:Number>
      <ref:Note>OBAE</ref:Note>
    </link:reference>
    <link:referenceArc xlink:type="arc" xlink:arcrole="http://www.xbrl.org/2003/arcrole/concept-reference" xlink:from="SharesAndOtherOwnershipCertificatesFinancialAssets" xlink:to="reference_SharesAndOtherOwnershipCertificatesFinancialAssets" order="10.0"/>
    <link:loc xlink:type="locator" xlink:href="dst.xsd#dst_PurchasedGoodsForResale" xlink:label="PurchasedGoodsForResale"/>
    <link:reference xlink:type="resource" xlink:label="reference_PurchasedGoodsForResale_2" xlink:role="http://www.xbrl.org/2003/role/reference" xlink:title="reference_PurchasedGoodsForResale" id="reference_PurchasedGoodsForResale_2">
      <ref:Publisher>DST</ref:Publisher>
      <ref:Number>47a</ref:Number>
      <ref:Note>HLUL</ref:Note>
    </link:reference>
    <link:referenceArc xlink:type="arc" xlink:arcrole="http://www.xbrl.org/2003/arcrole/concept-reference" xlink:from="PurchasedGoodsForResale" xlink:to="reference_PurchasedGoodsForResale_2" xlink:title="reference: PurchasedGoodsForResale to reference_PurchasedGoodsForResale"/>
    <link:reference xlink:type="resource" xlink:label="reference_PurchasedGoodsForResale_3" xlink:role="http://www.xbrl.org/2003/role/reference" xlink:title="reference_PurchasedGoodsForResale" id="reference_PurchasedGoodsForResale_3">
      <ref:Publisher>DST</ref:Publisher>
      <ref:Number>47b</ref:Number>
      <ref:Note>HLPR</ref:Note>
    </link:reference>
    <link:referenceArc xlink:type="arc" xlink:arcrole="http://www.xbrl.org/2003/arcrole/concept-reference" xlink:from="PurchasedGoodsForResale" xlink:to="reference_PurchasedGoodsForResale_3" xlink:title="reference: PurchasedGoodsForResale to reference_PurchasedGoodsForResale"/>
    <link:loc xlink:type="locator" xlink:href="dst.xsd#dst_FeedbackAbstract" xlink:label="FeedbackAbstract"/>
    <link:reference xlink:type="resource" xlink:label="reference_FeedbackAbstract" xlink:role="http://www.xbrl.org/2003/role/reference" id="reference_FeedbackAbstract">
      <ref:Publisher>DST</ref:Publisher>
    </link:reference>
    <link:referenceArc xlink:type="arc" xlink:arcrole="http://www.xbrl.org/2003/arcrole/concept-reference" xlink:from="FeedbackAbstract" xlink:to="reference_FeedbackAbstract" order="10.0"/>
    <link:loc xlink:type="locator" xlink:href="dst.xsd#dst_ProfitLossBeforeFinancialAndExtraordinaryItems" xlink:label="ProfitLossBeforeFinancialAndExtraordinaryItems"/>
    <link:reference xlink:type="resource" xlink:label="reference_ProfitLossBeforeFinancialAndExtraordinaryItems" xlink:role="http://www.xbrl.org/2003/role/reference" id="reference_ProfitLossBeforeFinancialAndExtraordinaryItems">
      <ref:Publisher>DST</ref:Publisher>
      <ref:Number>19</ref:Number>
      <ref:Note>RFEP</ref:Note>
    </link:reference>
    <link:referenceArc xlink:type="arc" xlink:arcrole="http://www.xbrl.org/2003/arcrole/concept-reference" xlink:from="ProfitLossBeforeFinancialAndExtraordinaryItems" xlink:to="reference_ProfitLossBeforeFinancialAndExtraordinaryItems" order="10.0"/>
    <link:loc xlink:type="locator" xlink:href="dst.xsd#dst_TaxesAbstract" xlink:label="TaxesAbstract"/>
    <link:reference xlink:type="resource" xlink:label="reference_TaxesAbstract" xlink:role="http://www.xbrl.org/2003/role/reference" id="reference_TaxesAbstract">
      <ref:Publisher>DST</ref:Publisher>
    </link:reference>
    <link:referenceArc xlink:type="arc" xlink:arcrole="http://www.xbrl.org/2003/arcrole/concept-reference" xlink:from="TaxesAbstract" xlink:to="reference_TaxesAbstract" order="10.0"/>
    <link:loc xlink:type="locator" xlink:href="dst.xsd#dst_AppropriationOfProfitOrTreatmentOfLossAbstract" xlink:label="AppropriationOfProfitOrTreatmentOfLossAbstract"/>
    <link:reference xlink:type="resource" xlink:label="reference_AppropriationOfProfitOrTreatmentOfLossAbstract" xlink:role="http://www.xbrl.org/2003/role/reference" id="reference_AppropriationOfProfitOrTreatmentOfLossAbstract">
      <ref:Publisher>DST</ref:Publisher>
    </link:reference>
    <link:referenceArc xlink:type="arc" xlink:arcrole="http://www.xbrl.org/2003/arcrole/concept-reference" xlink:from="AppropriationOfProfitOrTreatmentOfLossAbstract" xlink:to="reference_AppropriationOfProfitOrTreatmentOfLossAbstract" order="10.0"/>
    <link:loc xlink:type="locator" xlink:href="dst.xsd#dst_PurchaseOfGoodsForResale" xlink:label="PurchaseOfGoodsForResale"/>
    <link:reference xlink:type="resource" xlink:label="reference_PurchaseOfGoodsForResale" xlink:role="http://www.xbrl.org/2003/role/reference" id="reference_PurchaseOfGoodsForResale">
      <ref:Publisher>DST</ref:Publisher>
      <ref:Number>04a</ref:Number>
      <ref:Note>KVV</ref:Note>
    </link:reference>
    <link:referenceArc xlink:type="arc" xlink:arcrole="http://www.xbrl.org/2003/arcrole/concept-reference" xlink:from="PurchaseOfGoodsForResale" xlink:to="reference_PurchaseOfGoodsForResale" order="10.0"/>
    <link:loc xlink:type="locator" xlink:href="dst.xsd#dst_SharesBondsAndCash" xlink:label="SharesBondsAndCash"/>
    <link:reference xlink:type="resource" xlink:label="reference_SharesBondsAndCash" xlink:role="http://www.xbrl.org/2003/role/reference" id="reference_SharesBondsAndCash">
      <ref:Publisher>DST</ref:Publisher>
      <ref:Number>57</ref:Number>
      <ref:Note>VKT</ref:Note>
    </link:reference>
    <link:referenceArc xlink:type="arc" xlink:arcrole="http://www.xbrl.org/2003/arcrole/concept-reference" xlink:from="SharesBondsAndCash" xlink:to="reference_SharesBondsAndCash" order="10.0"/>
    <link:loc xlink:type="locator" xlink:href="dst.xsd#dst_OtherLongtermDebts" xlink:label="OtherLongtermDebts"/>
    <link:reference xlink:type="resource" xlink:label="reference_OtherLongtermDebts" xlink:role="http://www.xbrl.org/2003/role/reference" id="reference_OtherLongtermDebts">
      <ref:Publisher>DST</ref:Publisher>
      <ref:Number>63</ref:Number>
      <ref:Note>ALG</ref:Note>
    </link:reference>
    <link:referenceArc xlink:type="arc" xlink:arcrole="http://www.xbrl.org/2003/arcrole/concept-reference" xlink:from="OtherLongtermDebts" xlink:to="reference_OtherLongtermDebts" order="10.0"/>
    <link:loc xlink:type="locator" xlink:href="dst.xsd#dst_OtherShorttermDebts" xlink:label="OtherShorttermDebts"/>
    <link:reference xlink:type="resource" xlink:label="reference_OtherShorttermDebts" xlink:role="http://www.xbrl.org/2003/role/reference" id="reference_OtherShorttermDebts">
      <ref:Publisher>DST</ref:Publisher>
      <ref:Number>65</ref:Number>
      <ref:Note>AKG</ref:Note>
    </link:reference>
    <link:referenceArc xlink:type="arc" xlink:arcrole="http://www.xbrl.org/2003/arcrole/concept-reference" xlink:from="OtherShorttermDebts" xlink:to="reference_OtherShorttermDebts" order="10.0"/>
    <link:loc xlink:type="locator" xlink:href="dst.xsd#dst_BalanceSheetAbstract" xlink:label="BalanceSheetAbstract"/>
    <link:reference xlink:type="resource" xlink:label="reference_BalanceSheetAbstract" xlink:role="http://www.xbrl.org/2003/role/reference" id="reference_BalanceSheetAbstract">
      <ref:Publisher>DST</ref:Publisher>
    </link:reference>
    <link:referenceArc xlink:type="arc" xlink:arcrole="http://www.xbrl.org/2003/arcrole/concept-reference" xlink:from="BalanceSheetAbstract" xlink:to="reference_BalanceSheetAbstract" order="10.0"/>
    <link:loc xlink:type="locator" xlink:href="dst.xsd#dst_AssetsAbstract" xlink:label="AssetsAbstract"/>
    <link:reference xlink:type="resource" xlink:label="reference_AssetsAbstract" xlink:role="http://www.xbrl.org/2003/role/reference" id="reference_AssetsAbstract">
      <ref:Publisher>DST</ref:Publisher>
    </link:reference>
    <link:referenceArc xlink:type="arc" xlink:arcrole="http://www.xbrl.org/2003/arcrole/concept-reference" xlink:from="AssetsAbstract" xlink:to="reference_AssetsAbstract" order="10.0"/>
    <link:loc xlink:type="locator" xlink:href="dst.xsd#dst_FixedAssetsAbstract" xlink:label="FixedAssetsAbstract"/>
    <link:reference xlink:type="resource" xlink:label="reference_FixedAssetsAbstract" xlink:role="http://www.xbrl.org/2003/role/reference" id="reference_FixedAssetsAbstract">
      <ref:Publisher>DST</ref:Publisher>
    </link:reference>
    <link:referenceArc xlink:type="arc" xlink:arcrole="http://www.xbrl.org/2003/arcrole/concept-reference" xlink:from="FixedAssetsAbstract" xlink:to="reference_FixedAssetsAbstract" order="10.0"/>
    <link:loc xlink:type="locator" xlink:href="dst.xsd#dst_TangibleFixedAssetsAbstract" xlink:label="TangibleFixedAssetsAbstract"/>
    <link:reference xlink:type="resource" xlink:label="reference_TangibleFixedAssetsAbstract" xlink:role="http://www.xbrl.org/2003/role/reference" id="reference_TangibleFixedAssetsAbstract">
      <ref:Publisher>DST</ref:Publisher>
    </link:reference>
    <link:referenceArc xlink:type="arc" xlink:arcrole="http://www.xbrl.org/2003/arcrole/concept-reference" xlink:from="TangibleFixedAssetsAbstract" xlink:to="reference_TangibleFixedAssetsAbstract" order="10.0"/>
    <link:loc xlink:type="locator" xlink:href="dst.xsd#dst_FinancialFixedAssetsAbstract" xlink:label="FinancialFixedAssetsAbstract"/>
    <link:reference xlink:type="resource" xlink:label="reference_FinancialFixedAssetsAbstract" xlink:role="http://www.xbrl.org/2003/role/reference" id="reference_FinancialFixedAssetsAbstract">
      <ref:Publisher>DST</ref:Publisher>
    </link:reference>
    <link:referenceArc xlink:type="arc" xlink:arcrole="http://www.xbrl.org/2003/arcrole/concept-reference" xlink:from="FinancialFixedAssetsAbstract" xlink:to="reference_FinancialFixedAssetsAbstract" order="10.0"/>
    <link:loc xlink:type="locator" xlink:href="dst.xsd#dst_CurrentAssetsAbstract" xlink:label="CurrentAssetsAbstract"/>
    <link:reference xlink:type="resource" xlink:label="reference_CurrentAssetsAbstract" xlink:role="http://www.xbrl.org/2003/role/reference" id="reference_CurrentAssetsAbstract">
      <ref:Publisher>DST</ref:Publisher>
    </link:reference>
    <link:referenceArc xlink:type="arc" xlink:arcrole="http://www.xbrl.org/2003/arcrole/concept-reference" xlink:from="CurrentAssetsAbstract" xlink:to="reference_CurrentAssetsAbstract" order="10.0"/>
    <link:loc xlink:type="locator" xlink:href="dst.xsd#dst_StocksAbstract" xlink:label="StocksAbstract"/>
    <link:reference xlink:type="resource" xlink:label="reference_StocksAbstract" xlink:role="http://www.xbrl.org/2003/role/reference" id="reference_StocksAbstract">
      <ref:Publisher>DST</ref:Publisher>
    </link:reference>
    <link:referenceArc xlink:type="arc" xlink:arcrole="http://www.xbrl.org/2003/arcrole/concept-reference" xlink:from="StocksAbstract" xlink:to="reference_StocksAbstract" order="10.0"/>
    <link:loc xlink:type="locator" xlink:href="dst.xsd#dst_DebtsReceivableAbstract" xlink:label="DebtsReceivableAbstract"/>
    <link:reference xlink:type="resource" xlink:label="reference_DebtsReceivableAbstract" xlink:role="http://www.xbrl.org/2003/role/reference" id="reference_DebtsReceivableAbstract">
      <ref:Publisher>DST</ref:Publisher>
    </link:reference>
    <link:referenceArc xlink:type="arc" xlink:arcrole="http://www.xbrl.org/2003/arcrole/concept-reference" xlink:from="DebtsReceivableAbstract" xlink:to="reference_DebtsReceivableAbstract" order="10.0"/>
    <link:loc xlink:type="locator" xlink:href="dst.xsd#dst_SharesBondsAndCashAbstract" xlink:label="SharesBondsAndCashAbstract"/>
    <link:reference xlink:type="resource" xlink:label="reference_SharesBondsAndCashAbstract" xlink:role="http://www.xbrl.org/2003/role/reference" id="reference_SharesBondsAndCashAbstract">
      <ref:Publisher>DST</ref:Publisher>
    </link:reference>
    <link:referenceArc xlink:type="arc" xlink:arcrole="http://www.xbrl.org/2003/arcrole/concept-reference" xlink:from="SharesBondsAndCashAbstract" xlink:to="reference_SharesBondsAndCashAbstract" order="10.0"/>
    <link:loc xlink:type="locator" xlink:href="dst.xsd#dst_LiabilitiesAbstract" xlink:label="LiabilitiesAbstract"/>
    <link:reference xlink:type="resource" xlink:label="reference_LiabilitiesAbstract" xlink:role="http://www.xbrl.org/2003/role/reference" id="reference_LiabilitiesAbstract">
      <ref:Publisher>DST</ref:Publisher>
    </link:reference>
    <link:referenceArc xlink:type="arc" xlink:arcrole="http://www.xbrl.org/2003/arcrole/concept-reference" xlink:from="LiabilitiesAbstract" xlink:to="reference_LiabilitiesAbstract" order="10.0"/>
    <link:loc xlink:type="locator" xlink:href="dst.xsd#dst_InvestmentDuringTheYearAbstract" xlink:label="InvestmentDuringTheYearAbstract"/>
    <link:reference xlink:type="resource" xlink:label="reference_InvestmentDuringTheYearAbstract" xlink:role="http://www.xbrl.org/2003/role/reference" id="reference_InvestmentDuringTheYearAbstract">
      <ref:Publisher>DST</ref:Publisher>
    </link:reference>
    <link:referenceArc xlink:type="arc" xlink:arcrole="http://www.xbrl.org/2003/arcrole/concept-reference" xlink:from="InvestmentDuringTheYearAbstract" xlink:to="reference_InvestmentDuringTheYearAbstract" order="10.0"/>
    <link:loc xlink:type="locator" xlink:href="dst.xsd#dst_IncreaseAbstract" xlink:label="IncreaseAbstract"/>
    <link:reference xlink:type="resource" xlink:label="reference_IncreaseAbstract" xlink:role="http://www.xbrl.org/2003/role/reference" id="reference_IncreaseAbstract">
      <ref:Publisher>DST</ref:Publisher>
    </link:reference>
    <link:referenceArc xlink:type="arc" xlink:arcrole="http://www.xbrl.org/2003/arcrole/concept-reference" xlink:from="IncreaseAbstract" xlink:to="reference_IncreaseAbstract" order="10.0"/>
    <link:loc xlink:type="locator" xlink:href="dst.xsd#dst_IncreaseOfRealEstateAbstract" xlink:label="IncreaseOfRealEstateAbstract"/>
    <link:reference xlink:type="resource" xlink:label="reference_IncreaseOfRealEstateAbstract" xlink:role="http://www.xbrl.org/2003/role/reference" id="reference_IncreaseOfRealEstateAbstract">
      <ref:Publisher>DST</ref:Publisher>
    </link:reference>
    <link:referenceArc xlink:type="arc" xlink:arcrole="http://www.xbrl.org/2003/arcrole/concept-reference" xlink:from="IncreaseOfRealEstateAbstract" xlink:to="reference_IncreaseOfRealEstateAbstract" order="10.0"/>
    <link:loc xlink:type="locator" xlink:href="dst.xsd#dst_IncreaseOfMachineryPlantAndEquipmentAbstract" xlink:label="IncreaseOfMachineryPlantAndEquipmentAbstract"/>
    <link:reference xlink:type="resource" xlink:label="reference_IncreaseOfMachineryPlantAndEquipmentAbstract" xlink:role="http://www.xbrl.org/2003/role/reference" id="reference_IncreaseOfMachineryPlantAndEquipmentAbstract">
      <ref:Publisher>DST</ref:Publisher>
    </link:reference>
    <link:referenceArc xlink:type="arc" xlink:arcrole="http://www.xbrl.org/2003/arcrole/concept-reference" xlink:from="IncreaseOfMachineryPlantAndEquipmentAbstract" xlink:to="reference_IncreaseOfMachineryPlantAndEquipmentAbstract" order="10.0"/>
    <link:loc xlink:type="locator" xlink:href="dst.xsd#dst_DecreaseAbstract" xlink:label="DecreaseAbstract"/>
    <link:reference xlink:type="resource" xlink:label="reference_DecreaseAbstract" xlink:role="http://www.xbrl.org/2003/role/reference" id="reference_DecreaseAbstract">
      <ref:Publisher>DST</ref:Publisher>
    </link:reference>
    <link:referenceArc xlink:type="arc" xlink:arcrole="http://www.xbrl.org/2003/arcrole/concept-reference" xlink:from="DecreaseAbstract" xlink:to="reference_DecreaseAbstract" order="10.0"/>
    <link:loc xlink:type="locator" xlink:href="dst.xsd#dst_DecreaseOfRealEstateAbstract" xlink:label="DecreaseOfRealEstateAbstract"/>
    <link:reference xlink:type="resource" xlink:label="reference_DecreaseOfRealEstateAbstract" xlink:role="http://www.xbrl.org/2003/role/reference" id="reference_DecreaseOfRealEstateAbstract">
      <ref:Publisher>DST</ref:Publisher>
    </link:reference>
    <link:referenceArc xlink:type="arc" xlink:arcrole="http://www.xbrl.org/2003/arcrole/concept-reference" xlink:from="DecreaseOfRealEstateAbstract" xlink:to="reference_DecreaseOfRealEstateAbstract" order="10.0"/>
    <link:loc xlink:type="locator" xlink:href="dst.xsd#dst_DecreaseOfMachineryPlantAndEquipmentAbstract" xlink:label="DecreaseOfMachineryPlantAndEquipmentAbstract"/>
    <link:reference xlink:type="resource" xlink:label="reference_DecreaseOfMachineryPlantAndEquipmentAbstract" xlink:role="http://www.xbrl.org/2003/role/reference" id="reference_DecreaseOfMachineryPlantAndEquipmentAbstract">
      <ref:Publisher>DST</ref:Publisher>
    </link:reference>
    <link:referenceArc xlink:type="arc" xlink:arcrole="http://www.xbrl.org/2003/arcrole/concept-reference" xlink:from="DecreaseOfMachineryPlantAndEquipmentAbstract" xlink:to="reference_DecreaseOfMachineryPlantAndEquipmentAbstract" order="10.0"/>
    <link:loc xlink:type="locator" xlink:href="dst.xsd#dst_IncreaseOfRealEstate" xlink:label="IncreaseOfRealEstate"/>
    <link:reference xlink:type="resource" xlink:label="reference_IncreaseOfRealEstate" xlink:role="http://www.xbrl.org/2003/role/reference" id="reference_IncreaseOfRealEstate">
      <ref:Publisher>DST</ref:Publisher>
      <ref:Number>73</ref:Number>
      <ref:Note>FET</ref:Note>
    </link:reference>
    <link:referenceArc xlink:type="arc" xlink:arcrole="http://www.xbrl.org/2003/arcrole/concept-reference" xlink:from="IncreaseOfRealEstate" xlink:to="reference_IncreaseOfRealEstate" order="10.0"/>
    <link:loc xlink:type="locator" xlink:href="dst.xsd#dst_IncreaseOfMachineryPlantAndEquipment" xlink:label="IncreaseOfMachineryPlantAndEquipment"/>
    <link:reference xlink:type="resource" xlink:label="reference_IncreaseOfMachineryPlantAndEquipment" xlink:role="http://www.xbrl.org/2003/role/reference" id="reference_IncreaseOfMachineryPlantAndEquipment">
      <ref:Publisher>DST</ref:Publisher>
      <ref:Number>76</ref:Number>
      <ref:Note>TDRT</ref:Note>
    </link:reference>
    <link:referenceArc xlink:type="arc" xlink:arcrole="http://www.xbrl.org/2003/arcrole/concept-reference" xlink:from="IncreaseOfMachineryPlantAndEquipment" xlink:to="reference_IncreaseOfMachineryPlantAndEquipment" order="10.0"/>
    <link:loc xlink:type="locator" xlink:href="dst.xsd#dst_DecreaseOfIntangibleAssets" xlink:label="DecreaseOfIntangibleAssets"/>
    <link:reference xlink:type="resource" xlink:label="reference_DecreaseOfIntangibleAssets" xlink:role="http://www.xbrl.org/2003/role/reference" id="reference_DecreaseOfIntangibleAssets">
      <ref:Publisher>DST</ref:Publisher>
      <ref:Number>79</ref:Number>
      <ref:Note>AIAA</ref:Note>
    </link:reference>
    <link:referenceArc xlink:type="arc" xlink:arcrole="http://www.xbrl.org/2003/arcrole/concept-reference" xlink:from="DecreaseOfIntangibleAssets" xlink:to="reference_DecreaseOfIntangibleAssets" order="10.0"/>
    <link:loc xlink:type="locator" xlink:href="dst.xsd#dst_DecreaseOfRealEstate" xlink:label="DecreaseOfRealEstate"/>
    <link:reference xlink:type="resource" xlink:label="reference_DecreaseOfRealEstate" xlink:role="http://www.xbrl.org/2003/role/reference" id="reference_DecreaseOfRealEstate">
      <ref:Publisher>DST</ref:Publisher>
      <ref:Number>83</ref:Number>
      <ref:Note>FEGT</ref:Note>
    </link:reference>
    <link:referenceArc xlink:type="arc" xlink:arcrole="http://www.xbrl.org/2003/arcrole/concept-reference" xlink:from="DecreaseOfRealEstate" xlink:to="reference_DecreaseOfRealEstate" order="10.0"/>
    <link:loc xlink:type="locator" xlink:href="dst.xsd#dst_DecreaseOfMachineryPlantAndEquipment" xlink:label="DecreaseOfMachineryPlantAndEquipment"/>
    <link:reference xlink:type="resource" xlink:label="reference_DecreaseOfMachineryPlantAndEquipment" xlink:role="http://www.xbrl.org/2003/role/reference" id="reference_DecreaseOfMachineryPlantAndEquipment">
      <ref:Publisher>DST</ref:Publisher>
      <ref:Number>86</ref:Number>
      <ref:Note>ADRT</ref:Note>
    </link:reference>
    <link:referenceArc xlink:type="arc" xlink:arcrole="http://www.xbrl.org/2003/arcrole/concept-reference" xlink:from="DecreaseOfMachineryPlantAndEquipment" xlink:to="reference_DecreaseOfMachineryPlantAndEquipment" order="10.0"/>
    <link:loc xlink:type="locator" xlink:href="dst.xsd#dst_IncludesPurchasedGoodsAndEntityProduction" xlink:label="IncludesPurchasedGoodsAndEntityProduction"/>
    <link:reference xlink:type="resource" xlink:label="reference_IncludesPurchasedGoodsAndEntityProduction" xlink:role="http://www.xbrl.org/2003/role/reference" id="reference_IncludesPurchasedGoodsAndEntityProduction">
      <ref:Publisher>DST</ref:Publisher>
      <ref:Number>88/89</ref:Number>
    </link:reference>
    <link:referenceArc xlink:type="arc" xlink:arcrole="http://www.xbrl.org/2003/arcrole/concept-reference" xlink:from="IncludesPurchasedGoodsAndEntityProduction" xlink:to="reference_IncludesPurchasedGoodsAndEntityProduction" order="10.0"/>
  </link:referenceLink>
</link:linkbase>
