<?xml version="1.0" encoding="UTF-8"?>
<!-- Generated by Fujitsu Interstage XWand B0166 -->
<link:linkbase xmlns:xsi="http://www.w3.org/2001/XMLSchema-instance" xsi:schemaLocation="http://www.xbrl.org/2003/linkbase http://www.xbrl.org/2003/xbrl-linkbase-2003-12-31.xsd" xmlns:link="http://www.xbrl.org/2003/linkbase" xmlns:xlink="http://www.w3.org/1999/xlink" xmlns:xbrli="http://www.xbrl.org/2003/instance">
  <link:labelLink xlink:type="extended" xlink:role="http://www.xbrl.org/2003/role/link">
    <link:loc xlink:type="locator" xlink:href="gsd.xsd#gsd_DetailsOnSecondaryNameOfReportingEntityHypercube" xlink:label="copyOfDetailsOnLiquidatorHypercube" xlink:title="copyOfDetailsOnLiquidatorHypercube"/>
    <link:label xlink:type="resource" xlink:label="label_copyOfDetailsOnLiquidatorHypercube" xlink:role="http://www.xbrl.org/2003/role/label" xlink:title="label_copyOfDetailsOnLiquidatorHypercube" xml:lang="da" id="label_copyOfDetailsOnLiquidatorHypercube">Information om regnskabsaflæggende virksomheds binavn</link:label>
    <link:labelArc xlink:type="arc" xlink:arcrole="http://www.xbrl.org/2003/arcrole/concept-label" xlink:from="copyOfDetailsOnLiquidatorHypercube" xlink:to="label_copyOfDetailsOnLiquidatorHypercube" xlink:title="label: copyOfDetailsOnLiquidatorHypercube to label_copyOfDetailsOnLiquidatorHypercube"/>
    <link:label xlink:type="resource" xlink:label="label_copyOfDetailsOnLiquidatorHypercube_2" xlink:role="http://www.xbrl.org/2003/role/label" xlink:title="label_copyOfDetailsOnLiquidatorHypercube" xml:lang="en" id="label_copyOfDetailsOnLiquidatorHypercube_2">Details on secondary name of reporting entity</link:label>
    <link:labelArc xlink:type="arc" xlink:arcrole="http://www.xbrl.org/2003/arcrole/concept-label" xlink:from="copyOfDetailsOnLiquidatorHypercube" xlink:to="label_copyOfDetailsOnLiquidatorHypercube_2" xlink:title="label: copyOfDetailsOnLiquidatorHypercube to label_copyOfDetailsOnLiquidatorHypercube"/>
    <link:loc xlink:type="locator" xlink:href="gsd.xsd#gsd_DetailsOnSecondaryNameOfReportingEntityAbstract" xlink:label="copyOfDetailsOnLiquidatorAbstract" xlink:title="copyOfDetailsOnLiquidatorAbstract"/>
    <link:label xlink:type="resource" xlink:label="label_copyOfDetailsOnLiquidatorAbstract" xlink:role="http://www.xbrl.org/2003/role/label" xlink:title="label_copyOfDetailsOnLiquidatorAbstract" xml:lang="en" id="label_copyOfDetailsOnLiquidatorAbstract">Details on secondary name of reporting entity</link:label>
    <link:labelArc xlink:type="arc" xlink:arcrole="http://www.xbrl.org/2003/arcrole/concept-label" xlink:from="copyOfDetailsOnLiquidatorAbstract" xlink:to="label_copyOfDetailsOnLiquidatorAbstract" xlink:title="label: copyOfDetailsOnLiquidatorAbstract to label_copyOfDetailsOnLiquidatorAbstract"/>
    <link:label xlink:type="resource" xlink:label="label_copyOfDetailsOnLiquidatorAbstract_2" xlink:role="http://www.xbrl.org/2003/role/label" xlink:title="label_copyOfDetailsOnLiquidatorAbstract" xml:lang="da" id="label_copyOfDetailsOnLiquidatorAbstract_2">Detaljer om regnskabsaflæggende virksomheds binavn</link:label>
    <link:labelArc xlink:type="arc" xlink:arcrole="http://www.xbrl.org/2003/arcrole/concept-label" xlink:from="copyOfDetailsOnLiquidatorAbstract" xlink:to="label_copyOfDetailsOnLiquidatorAbstract_2" xlink:title="label: copyOfDetailsOnLiquidatorAbstract to label_copyOfDetailsOnLiquidatorAbstract"/>
    <link:loc xlink:type="locator" xlink:href="gsd.xsd#gsd_SecondaryNameOfReportingEntity" xlink:label="copyOfNameOfReportingEntity" xlink:title="copyOfNameOfReportingEntity"/>
    <link:label xlink:type="resource" xlink:label="label_copyOfNameOfReportingEntity" xlink:role="http://www.xbrl.org/2003/role/label" xlink:title="label_copyOfNameOfReportingEntity" xml:lang="da" id="label_copyOfNameOfReportingEntity">Regnskabsaflæggende virksomheds binavn</link:label>
    <link:labelArc xlink:type="arc" xlink:arcrole="http://www.xbrl.org/2003/arcrole/concept-label" xlink:from="copyOfNameOfReportingEntity" xlink:to="label_copyOfNameOfReportingEntity" xlink:title="label: copyOfNameOfReportingEntity to label_copyOfNameOfReportingEntity"/>
    <link:label xlink:type="resource" xlink:label="label_copyOfNameOfReportingEntity_2" xlink:role="http://www.xbrl.org/2003/role/label" xlink:title="label_copyOfNameOfReportingEntity" xml:lang="en" id="label_copyOfNameOfReportingEntity_2">Secondary name of reporting entity</link:label>
    <link:labelArc xlink:type="arc" xlink:arcrole="http://www.xbrl.org/2003/arcrole/concept-label" xlink:from="copyOfNameOfReportingEntity" xlink:to="label_copyOfNameOfReportingEntity_2" xlink:title="label: copyOfNameOfReportingEntity to label_copyOfNameOfReportingEntity"/>
    <link:loc xlink:type="locator" xlink:href="gsd.xsd#gsd_ReportingPeriodNumber" xlink:label="copyOfReportingPeriodStartDate" xlink:title="copyOfReportingPeriodStartDate"/>
    <link:label xlink:type="resource" xlink:label="label_copyOfReportingPeriodStartDate" xlink:role="http://www.xbrl.org/2003/role/label" xlink:title="label_copyOfReportingPeriodStartDate" xml:lang="da" id="label_copyOfReportingPeriodStartDate">Årsregnskabets nummer</link:label>
    <link:labelArc xlink:type="arc" xlink:arcrole="http://www.xbrl.org/2003/arcrole/concept-label" xlink:from="copyOfReportingPeriodStartDate" xlink:to="label_copyOfReportingPeriodStartDate" xlink:title="label: copyOfReportingPeriodStartDate to label_copyOfReportingPeriodStartDate"/>
    <link:label xlink:type="resource" xlink:label="label_copyOfReportingPeriodStartDate_2" xlink:role="http://www.xbrl.org/2003/role/label" xlink:title="label_copyOfReportingPeriodStartDate" xml:lang="en" id="label_copyOfReportingPeriodStartDate_2">Reporting period, number</link:label>
    <link:labelArc xlink:type="arc" xlink:arcrole="http://www.xbrl.org/2003/arcrole/concept-label" xlink:from="copyOfReportingPeriodStartDate" xlink:to="label_copyOfReportingPeriodStartDate_2" xlink:title="label: copyOfReportingPeriodStartDate to label_copyOfReportingPeriodStartDate"/>
  </link:labelLink>
</link:linkbase>
