<?xml version="1.0" encoding="UTF-8"?>
<!-- Generated by Fujitsu Interstage XWand B0166 -->
<?officialURI http://archprod.service.eogs.dk/taxonomy/20130401/eogs/1000eogs_pre.xml?>

<?taxonomy-version 1.5.0?>

<link:linkbase xmlns:xsi="http://www.w3.org/2001/XMLSchema-instance" xsi:schemaLocation="http://www.xbrl.org/2003/linkbase http://www.xbrl.org/2003/xbrl-linkbase-2003-12-31.xsd" xmlns:link="http://www.xbrl.org/2003/linkbase" xmlns:tch="http://xbrl.dcca.dk/tch" xmlns:xlink="http://www.w3.org/1999/xlink" xmlns:xbrli="http://www.xbrl.org/2003/instance" xmlns:xbrldt="http://xbrl.org/2005/xbrldt">
  <link:roleRef roleURI="http://xbrl.dcca.dk/role/1000.00/StatementRegardingExemptionNotToPresentAnnualReport" xlink:type="simple" xlink:href="eogs.xsd#eogs_RoleStatementRegardingExemptionNotToPresentAnnualReport"/>
  <link:roleRef roleURI="http://xbrl.dcca.dk/role/1000.00/StatementRegardingExemptionNotToPresentAnnualReport/Details" xlink:type="simple" xlink:href="eogs.xsd#eogs_RoleStatementRegardingExemptionNotToPresentAnnualReportDetails"/>
  <link:roleRef roleURI="http://xbrl.dcca.dk/role/1000.01/Hypercube/StatementRegardingExemptionNotToPresentAnnualReport/DetailsOnMemberOfExecutiveBoardExemptionNotToPresent" xlink:type="simple" xlink:href="eogs.xsd#eogs_RoleHypercubeStatementRegardingExemptionNotToPresentAnnualReportDetailsOnMemberOfExecutiveBoardExemptionNotToPresent"/>
  <link:roleRef roleURI="http://xbrl.dcca.dk/role/1000.02/Hypercube/StatementRegardingExemptionNotToPresentAnnualReport/DetailsOnMemberOfSupervisoryBoardExemptionNotToPresent" xlink:type="simple" xlink:href="eogs.xsd#eogs_RoleHypercubeStatementRegardingExemptionNotToPresentAnnualReportDetailsOnMemberOfSupervisoryBoardExemptionNotToPresent"/>
  <link:roleRef roleURI="http://xbrl.dcca.dk/role/1100.00/StatementOnRevenueLimitSpecifiedInActOnRetailSalesFromStoresEtc" xlink:type="simple" xlink:href="eogs.xsd#eogs_RoleStatementOnRevenueLimitSpecifiedInActOnRetailSalesFromStoresEtc"/>
  <link:presentationLink xlink:type="extended" xlink:role="http://xbrl.dcca.dk/role/1000.00/StatementRegardingExemptionNotToPresentAnnualReport">
    <link:loc xlink:type="locator" xlink:href="../cmn.xsd#cmn_CommonHypercube" xlink:label="CommonHypercube"/>
    <link:loc xlink:type="locator" xlink:href="../cmn.xsd#cmn_ConsolidatedSoloDimension" xlink:label="ConsolidatedSoloDimension"/>
    <link:presentationArc xlink:type="arc" xlink:arcrole="http://www.xbrl.org/2003/arcrole/parent-child" xlink:from="CommonHypercube" xlink:to="ConsolidatedSoloDimension" order="10.0"/>
    <link:loc xlink:type="locator" xlink:href="../cmn.xsd#cmn_ConsolidatedMember" xlink:label="ConsolidatedMember"/>
    <link:presentationArc xlink:type="arc" xlink:arcrole="http://www.xbrl.org/2003/arcrole/parent-child" xlink:from="ConsolidatedSoloDimension" xlink:to="ConsolidatedMember" order="10.0"/>
    <link:loc xlink:type="locator" xlink:href="../cmn.xsd#cmn_SoloMember" xlink:label="SoloMember"/>
    <link:presentationArc xlink:type="arc" xlink:arcrole="http://www.xbrl.org/2003/arcrole/parent-child" xlink:from="ConsolidatedSoloDimension" xlink:to="SoloMember" order="20.0"/>
    <link:loc xlink:type="locator" xlink:href="../gsd/gsd.xsd#gsd_InformationOnReportingEntityAbstract" xlink:label="InformationOnReportingEntityAbstract"/>
    <link:loc xlink:type="locator" xlink:href="../gsd/gsd.xsd#gsd_IdentificationNumberCvrOfReportingEntity" xlink:label="IdentificationNumberCvrOfReportingEntity"/>
    <link:presentationArc xlink:type="arc" xlink:arcrole="http://www.xbrl.org/2003/arcrole/parent-child" xlink:from="InformationOnReportingEntityAbstract" xlink:to="IdentificationNumberCvrOfReportingEntity" use="optional" order="20.0"/>
    <link:loc xlink:type="locator" xlink:href="../gsd/gsd.xsd#gsd_NameOfReportingEntity" xlink:label="NameOfReportingEntity"/>
    <link:presentationArc xlink:type="arc" xlink:arcrole="http://www.xbrl.org/2003/arcrole/parent-child" xlink:from="InformationOnReportingEntityAbstract" xlink:to="NameOfReportingEntity" use="optional" order="10.0"/>
    <link:loc xlink:type="locator" xlink:href="eogs.xsd#eogs_StatementRegardingExemptionNotToPresentAnnualReportAbstract" xlink:label="StatementRegardingExemptionNotToPresentAnnualReportAbstract"/>
    <link:presentationArc xlink:type="arc" xlink:arcrole="http://www.xbrl.org/2003/arcrole/parent-child" xlink:from="StatementRegardingExemptionNotToPresentAnnualReportAbstract" xlink:to="CommonHypercube" order="10.0"/>
    <link:loc xlink:type="locator" xlink:href="eogs.xsd#eogs_StatementRegardingExemptionFromEnterprisesAndSocietiesWithLimitedLiabilityAndCoOperativeSocietiesWithLimitedLiabilityAbstract" xlink:label="StatementRegardingExemptionFromEnterprisesAndSocietiesWithLimitedLiabilityAndCoOperativeSocietiesWithLimitedLiabilityAbstract"/>
    <link:presentationArc xlink:type="arc" xlink:arcrole="http://www.xbrl.org/2003/arcrole/parent-child" xlink:from="StatementRegardingExemptionNotToPresentAnnualReportAbstract" xlink:to="StatementRegardingExemptionFromEnterprisesAndSocietiesWithLimitedLiabilityAndCoOperativeSocietiesWithLimitedLiabilityAbstract" use="optional" order="20.0"/>
    <link:presentationArc xlink:type="arc" xlink:arcrole="http://www.xbrl.org/2003/arcrole/parent-child" xlink:from="StatementRegardingExemptionFromEnterprisesAndSocietiesWithLimitedLiabilityAndCoOperativeSocietiesWithLimitedLiabilityAbstract" xlink:to="InformationOnReportingEntityAbstract" use="optional" order="10.0"/>
    <link:loc xlink:type="locator" xlink:href="../gsd/gsd.xsd#gsd_ReportingPeriodStartDate" xlink:label="ReportingPeriodStartDate"/>
    <link:presentationArc xlink:type="arc" xlink:arcrole="http://www.xbrl.org/2003/arcrole/parent-child" xlink:from="StatementRegardingExemptionFromEnterprisesAndSocietiesWithLimitedLiabilityAndCoOperativeSocietiesWithLimitedLiabilityAbstract" xlink:to="ReportingPeriodStartDate" use="optional" order="20.0"/>
    <link:loc xlink:type="locator" xlink:href="../gsd/gsd.xsd#gsd_ReportingPeriodEndDate" xlink:label="ReportingPeriodEndDate"/>
    <link:presentationArc xlink:type="arc" xlink:arcrole="http://www.xbrl.org/2003/arcrole/parent-child" xlink:from="StatementRegardingExemptionFromEnterprisesAndSocietiesWithLimitedLiabilityAndCoOperativeSocietiesWithLimitedLiabilityAbstract" xlink:to="ReportingPeriodEndDate" use="optional" order="30.0"/>
    <link:loc xlink:type="locator" xlink:href="eogs.xsd#eogs_ManagementStatementThatExemptionInQuestionHasBeenApplied" xlink:label="ManagementStatementThatExemptionInQuestionHasBeenApplied"/>
    <link:presentationArc xlink:type="arc" xlink:arcrole="http://www.xbrl.org/2003/arcrole/parent-child" xlink:from="StatementRegardingExemptionFromEnterprisesAndSocietiesWithLimitedLiabilityAndCoOperativeSocietiesWithLimitedLiabilityAbstract" xlink:to="ManagementStatementThatExemptionInQuestionHasBeenApplied" use="optional" order="40.0"/>
    <link:loc xlink:type="locator" xlink:href="eogs.xsd#eogs_ManagementConfirmationThatConditionsForApplyingExemptionHaveBeenMet" xlink:label="ManagementConfirmationThatConditionsForApplyingExemptionHaveBeenMet"/>
    <link:presentationArc xlink:type="arc" xlink:arcrole="http://www.xbrl.org/2003/arcrole/parent-child" xlink:from="StatementRegardingExemptionFromEnterprisesAndSocietiesWithLimitedLiabilityAndCoOperativeSocietiesWithLimitedLiabilityAbstract" xlink:to="ManagementConfirmationThatConditionsForApplyingExemptionHaveBeenMet" use="optional" order="50.0"/>
    <link:loc xlink:type="locator" xlink:href="eogs.xsd#eogs_PlaceOfCompilationOfStatementRegardingExemptionNotToPresentAnnualReport" xlink:label="PlaceOfCompilationOfStatementRegardingExemptionNotToPresentAnnualReport"/>
    <link:presentationArc xlink:type="arc" xlink:arcrole="http://www.xbrl.org/2003/arcrole/parent-child" xlink:from="StatementRegardingExemptionFromEnterprisesAndSocietiesWithLimitedLiabilityAndCoOperativeSocietiesWithLimitedLiabilityAbstract" xlink:to="PlaceOfCompilationOfStatementRegardingExemptionNotToPresentAnnualReport" use="optional" order="60.0"/>
    <link:loc xlink:type="locator" xlink:href="eogs.xsd#eogs_DateOfStatementRegardingExemptionNotToPresentAnnualReport" xlink:label="DateOfStatementRegardingExemptionNotToPresentAnnualReport"/>
    <link:presentationArc xlink:type="arc" xlink:arcrole="http://www.xbrl.org/2003/arcrole/parent-child" xlink:from="StatementRegardingExemptionFromEnterprisesAndSocietiesWithLimitedLiabilityAndCoOperativeSocietiesWithLimitedLiabilityAbstract" xlink:to="DateOfStatementRegardingExemptionNotToPresentAnnualReport" use="optional" order="70.0"/>
    <link:loc xlink:type="locator" xlink:href="eogs.xsd#eogs_InformationOnMembersOfSupervisoryBoardForStatementRegardingExemptionNotToPresentAnnualReportAbstract" xlink:label="InformationOnMembersOfSupervisoryBoardForStatementRegardingExemptionNotToPresentAnnualReportAbstract"/>
    <link:presentationArc xlink:type="arc" xlink:arcrole="http://www.xbrl.org/2003/arcrole/parent-child" xlink:from="StatementRegardingExemptionNotToPresentAnnualReportAbstract" xlink:to="InformationOnMembersOfSupervisoryBoardForStatementRegardingExemptionNotToPresentAnnualReportAbstract" order="30.0"/>
    <link:loc xlink:type="locator" xlink:href="eogs.xsd#eogs_DetailsOnMembersOfSupervisoryBoardForStatementRegardingExemptionNotToPresentAnnualReportAbstract" xlink:label="DetailsOnMembersOfSupervisoryBoardForStatementRegardingExemptionNotToPresentAnnualReportAbstract"/>
    <link:presentationArc xlink:type="arc" xlink:arcrole="http://www.xbrl.org/2003/arcrole/parent-child" xlink:from="InformationOnMembersOfSupervisoryBoardForStatementRegardingExemptionNotToPresentAnnualReportAbstract" xlink:to="DetailsOnMembersOfSupervisoryBoardForStatementRegardingExemptionNotToPresentAnnualReportAbstract" order="10.0"/>
    <link:loc xlink:type="locator" xlink:href="eogs.xsd#eogs_DetailsOnMembersOfSupervisoryBoardForStatementRegardingExemptionNotToPresentAnnualReportHypercube" xlink:label="DetailsOnMembersOfSupervisoryBoardForStatementRegardingExemptionNotToPresentAnnualReportHypercube"/>
    <link:presentationArc xlink:type="arc" xlink:arcrole="http://www.xbrl.org/2003/arcrole/parent-child" xlink:from="DetailsOnMembersOfSupervisoryBoardForStatementRegardingExemptionNotToPresentAnnualReportAbstract" xlink:to="DetailsOnMembersOfSupervisoryBoardForStatementRegardingExemptionNotToPresentAnnualReportHypercube" order="10.0"/>
    <link:loc xlink:type="locator" xlink:href="../cmn.xsd#cmn_IdentificationOfMemberOfSupervisoryBoardDimension" xlink:label="IdentificationOfMemberOfSupervisoryBoardDimension"/>
    <link:presentationArc xlink:type="arc" xlink:arcrole="http://www.xbrl.org/2003/arcrole/parent-child" xlink:from="DetailsOnMembersOfSupervisoryBoardForStatementRegardingExemptionNotToPresentAnnualReportHypercube" xlink:to="IdentificationOfMemberOfSupervisoryBoardDimension" use="optional" order="10.0"/>
    <link:loc xlink:type="locator" xlink:href="../cmn.xsd#cmn_IdentificationNumberCprOfMemberOfSupervisoryBoard" xlink:label="IdentificationNumberCprOfMemberOfSupervisoryBoard"/>
    <link:presentationArc xlink:type="arc" xlink:arcrole="http://www.xbrl.org/2003/arcrole/parent-child" xlink:from="DetailsOnMembersOfSupervisoryBoardForStatementRegardingExemptionNotToPresentAnnualReportAbstract" xlink:to="IdentificationNumberCprOfMemberOfSupervisoryBoard" order="20.0"/>
    <link:loc xlink:type="locator" xlink:href="../cmn.xsd#cmn_NameAndSurnameOfMemberOfSupervisoryBoard" xlink:label="NameAndSurnameOfMemberOfSupervisoryBoard"/>
    <link:presentationArc xlink:type="arc" xlink:arcrole="http://www.xbrl.org/2003/arcrole/parent-child" xlink:from="DetailsOnMembersOfSupervisoryBoardForStatementRegardingExemptionNotToPresentAnnualReportAbstract" xlink:to="NameAndSurnameOfMemberOfSupervisoryBoard" order="30.0"/>
    <link:loc xlink:type="locator" xlink:href="eogs.xsd#eogs_InformationOnMembersOfExecutiveBoardForStatementRegardingExemptionNotToPresentAnnualReportAbstract" xlink:label="InformationOnMembersOfExecutiveBoardForStatementRegardingExemptionNotToPresentAnnualReportAbstract"/>
    <link:presentationArc xlink:type="arc" xlink:arcrole="http://www.xbrl.org/2003/arcrole/parent-child" xlink:from="StatementRegardingExemptionNotToPresentAnnualReportAbstract" xlink:to="InformationOnMembersOfExecutiveBoardForStatementRegardingExemptionNotToPresentAnnualReportAbstract" order="40.0"/>
    <link:loc xlink:type="locator" xlink:href="eogs.xsd#eogs_DetailsOnMembersOfExecutiveBoardForStatementRegardingExemptionNotToPresentAnnualReportAbstract" xlink:label="DetailsOnMembersOfExecutiveBoardForStatementRegardingExemptionNotToPresentAnnualReportAbstract"/>
    <link:presentationArc xlink:type="arc" xlink:arcrole="http://www.xbrl.org/2003/arcrole/parent-child" xlink:from="InformationOnMembersOfExecutiveBoardForStatementRegardingExemptionNotToPresentAnnualReportAbstract" xlink:to="DetailsOnMembersOfExecutiveBoardForStatementRegardingExemptionNotToPresentAnnualReportAbstract" order="10.0"/>
    <link:loc xlink:type="locator" xlink:href="eogs.xsd#eogs_DetailsOnMembersOfExecutiveBoardForStatementRegardingExemptionNotToPresentAnnualReportHypercube" xlink:label="DetailsOnMembersOfExecutiveBoardForStatementRegardingExemptionNotToPresentAnnualReportHypercube"/>
    <link:presentationArc xlink:type="arc" xlink:arcrole="http://www.xbrl.org/2003/arcrole/parent-child" xlink:from="DetailsOnMembersOfExecutiveBoardForStatementRegardingExemptionNotToPresentAnnualReportAbstract" xlink:to="DetailsOnMembersOfExecutiveBoardForStatementRegardingExemptionNotToPresentAnnualReportHypercube" use="optional" order="10.0"/>
    <link:loc xlink:type="locator" xlink:href="../cmn.xsd#cmn_IdentificationOfMemberOfExecutiveBoardDimension" xlink:label="IdentificationOfMemberOfExecutiveBoardDimension"/>
    <link:presentationArc xlink:type="arc" xlink:arcrole="http://www.xbrl.org/2003/arcrole/parent-child" xlink:from="DetailsOnMembersOfExecutiveBoardForStatementRegardingExemptionNotToPresentAnnualReportHypercube" xlink:to="IdentificationOfMemberOfExecutiveBoardDimension" use="optional" order="10.0"/>
    <link:loc xlink:type="locator" xlink:href="../cmn.xsd#cmn_IdentificationNumberCprOfMemberOfExecutiveBoard" xlink:label="IdentificationNumberCprOfMemberOfExecutiveBoard"/>
    <link:presentationArc xlink:type="arc" xlink:arcrole="http://www.xbrl.org/2003/arcrole/parent-child" xlink:from="DetailsOnMembersOfExecutiveBoardForStatementRegardingExemptionNotToPresentAnnualReportAbstract" xlink:to="IdentificationNumberCprOfMemberOfExecutiveBoard" order="20.0"/>
    <link:loc xlink:type="locator" xlink:href="../cmn.xsd#cmn_NameAndSurnameOfMemberOfExecutiveBoard" xlink:label="NameAndSurnameOfMemberOfExecutiveBoard"/>
    <link:presentationArc xlink:type="arc" xlink:arcrole="http://www.xbrl.org/2003/arcrole/parent-child" xlink:from="DetailsOnMembersOfExecutiveBoardForStatementRegardingExemptionNotToPresentAnnualReportAbstract" xlink:to="NameAndSurnameOfMemberOfExecutiveBoard" order="30.0"/>
  </link:presentationLink>
</link:linkbase>
