<?xml version="1.0" encoding="UTF-8"?>

<?officialURI http://archprod.service.eogs.dk/taxonomy/20130401/eogs/eogs_gla-en.xml?>

<?taxonomy-version 1.5.0?>

<link:linkbase xmlns:xsi="http://www.w3.org/2001/XMLSchema-instance" xsi:schemaLocation="http://www.xbrl.org/2003/linkbase http://www.xbrl.org/2003/xbrl-linkbase-2003-12-31.xsd http://xbrl.org/2008/label http://www.xbrl.org/2008/generic-label.xsd http://xbrl.org/2008/generic http://www.xbrl.org/2008/generic-link.xsd" xmlns:gen="http://xbrl.org/2008/generic" xmlns:link="http://www.xbrl.org/2003/linkbase" xmlns:label="http://xbrl.org/2008/label" xmlns:xlink="http://www.w3.org/1999/xlink">
  <link:roleRef roleURI="http://www.xbrl.org/2008/role/link" xlink:type="simple" xlink:href="http://www.xbrl.org/2008/generic-link.xsd#standard-link-role"/>
  <link:roleRef roleURI="http://www.xbrl.org/2008/role/label" xlink:type="simple" xlink:href="http://www.xbrl.org/2008/generic-label.xsd#standard-label"/>
  <link:arcroleRef arcroleURI="http://xbrl.org/arcrole/2008/element-label" xlink:type="simple" xlink:href="http://www.xbrl.org/2008/generic-label.xsd#element-label"/>
  <gen:link xlink:type="extended" xlink:role="http://www.xbrl.org/2008/role/link">
    <link:loc xlink:type="locator" xlink:href="eogs.xsd#eogs_RoleStatementRegardingExemptionNotToPresentAnnualReport" xlink:label="document"/>
    <label:label xlink:type="resource" xlink:label="label" xlink:role="http://www.xbrl.org/2008/role/label" xml:lang="en">[1000.00] Statement regarding exemption not to present annual report</label:label>
    <gen:arc xlink:type="arc" xlink:arcrole="http://xbrl.org/arcrole/2008/element-label" xlink:from="document" xlink:to="label" order="10.0"/>
    <link:loc xlink:type="locator" xlink:href="eogs.xsd#eogs_RoleStatementRegardingExemptionNotToPresentAnnualReportDetails" xlink:label="document_2"/>
    <label:label xlink:type="resource" xlink:label="label_3" xlink:role="http://www.xbrl.org/2008/role/label" xml:lang="en">[1000.00] Statement regarding exemption not to present annual report - Details</label:label>
    <gen:arc xlink:type="arc" xlink:arcrole="http://xbrl.org/arcrole/2008/element-label" xlink:from="document_2" xlink:to="label_3" order="10.0"/>
    <link:loc xlink:type="locator" xlink:href="eogs.xsd#eogs_RoleHypercubeStatementRegardingExemptionNotToPresentAnnualReportDetailsOnMemberOfExecutiveBoardExemptionNotToPresent" xlink:label="document_3"/>
    <label:label xlink:type="resource" xlink:label="label_5" xlink:role="http://www.xbrl.org/2008/role/label" xml:lang="en">[1000.01] Hypercube [Statement regarding exemption not to present annual report] - Details on member of executive board Exemption not to present</label:label>
    <gen:arc xlink:type="arc" xlink:arcrole="http://xbrl.org/arcrole/2008/element-label" xlink:from="document_3" xlink:to="label_5" order="10.0"/>
    <link:loc xlink:type="locator" xlink:href="eogs.xsd#eogs_RoleHypercubeStatementRegardingExemptionNotToPresentAnnualReportDetailsOnMemberOfSupervisoryBoardExemptionNotToPresent" xlink:label="document_4"/>
    <label:label xlink:type="resource" xlink:label="label_7" xlink:role="http://www.xbrl.org/2008/role/label" xml:lang="en">[1000.02] Hypercube [Statement regarding exemption not to present annual report] - Details on member of supervisory board Exemption not to present</label:label>
    <gen:arc xlink:type="arc" xlink:arcrole="http://xbrl.org/arcrole/2008/element-label" xlink:from="document_4" xlink:to="label_7" order="10.0"/>
    <link:loc xlink:type="locator" xlink:href="eogs.xsd#eogs_RoleStatementOnRevenueLimitSpecifiedInActOnRetailSalesFromStoresEtc" xlink:label="roleType_5"/>
    <label:label xlink:type="resource" xlink:label="label_9" xlink:role="http://www.xbrl.org/2008/role/label" xml:lang="en">[1100.00] Statement on revenue limit specified in Act on retail sales from stores etc</label:label>
    <gen:arc xlink:type="arc" xlink:arcrole="http://xbrl.org/arcrole/2008/element-label" xlink:from="roleType_5" xlink:to="label_9" order="10.0"/>
    <link:loc xlink:type="locator" xlink:href="eogs.xsd#eogs_RoleStatementOnRevenueLimitSpecifiedInActOnRetailSalesFromStoresEtcDetails" xlink:label="roleType_6"/>
    <label:label xlink:type="resource" xlink:label="label_11" xlink:role="http://www.xbrl.org/2008/role/label" xml:lang="en">[1100.00] Statement on revenue limit specified in Act on retail sales from stores etc - Details</label:label>
    <gen:arc xlink:type="arc" xlink:arcrole="http://xbrl.org/arcrole/2008/element-label" xlink:from="roleType_6" xlink:to="label_11" order="10.0"/>
    <link:loc xlink:type="locator" xlink:href="eogs.xsd#eogs_RoleStatementOnRevenueLimitSpecifiedInActOnRetailSalesFromStoresEtcDetailsOnSignatureOfAuditorsAppointedToFileStatement" xlink:label="roleType_7"/>
    <label:label xlink:type="resource" xlink:label="label_13" xlink:role="http://www.xbrl.org/2008/role/label" xml:lang="en">[1100.01] Hypercube [Statement on revenue limit specified in Act on retail sales from stores etc] - Details on signature of auditors appointed to file statement</label:label>
    <gen:arc xlink:type="arc" xlink:arcrole="http://xbrl.org/arcrole/2008/element-label" xlink:from="roleType_7" xlink:to="label_13" order="10.0"/>
  </gen:link>
</link:linkbase>
